experiment,config_id,config_json,seed,hit,hit_type,pos_error,vel_error,min_dist,ball_near_ms,tube_ready_ms,max_tcp,max_qdot,max_face,hit_time_error_ms,hit_pos_error,v_racket_at_hit,wall_time,error
exp13_arch,ballspeed7__noplot__positionmode__servebox,"{""--ball-speed"": 7, ""--no-plot"": null, ""--position-mode"": null, ""--serve-box"": null}",200,False,miss,0.484792,1.505024,0.139306,0.0,0.0,1.79,0.99,2.4,0.0,0.484792,0.0,0.76,
exp13_arch,ballspeed7__noplot__positionmode__servebox,"{""--ball-speed"": 7, ""--no-plot"": null, ""--position-mode"": null, ""--serve-box"": null}",1,False,miss,0.278332,1.390992,0.192401,0.0,0.0,1.74,1.0,2.0,0.0,0.278332,0.0,0.8,
exp13_arch,ballspeed7__noplot__servebox,"{""--ball-speed"": 7, ""--no-plot"": null, ""--serve-box"": null}",1,True,active,0.063337,1.986146,0.060244,95.0,105.0,1.77,1.0,1.6,10.0,0.063337,1.405,1.35,
exp13_arch,ballspeed7__noplot__positionmode__servebox,"{""--ball-speed"": 7, ""--no-plot"": null, ""--position-mode"": null, ""--serve-box"": null}",200,False,miss,0.484792,1.505024,0.139306,0.0,0.0,1.79,0.99,2.4,0.0,0.484792,0.0,0.78,
exp13_arch,ballspeed7__noplot__positionmode__servebox,"{""--ball-speed"": 7, ""--no-plot"": null, ""--position-mode"": null, ""--serve-box"": null}",1,False,miss,0.278332,1.390992,0.192401,0.0,0.0,1.74,1.0,2.0,0.0,0.278332,0.0,0.83,
exp13_arch,ballspeed7__noplot__servebox,"{""--ball-speed"": 7, ""--no-plot"": null, ""--serve-box"": null}",1,True,active,0.063337,1.986146,0.060244,95.0,105.0,1.77,1.0,1.6,10.0,0.063337,1.405,1.39,
exp13_arch,ballspeed7__noplot__servebox,"{""--ball-speed"": 7, ""--no-plot"": null, ""--serve-box"": null}",17,True,active,0.124511,1.976693,0.106874,45.0,100.0,1.78,0.99,2.2,20.0,0.124511,1.705,1.59,
exp13_arch,ballspeed7__noplot__servebox,"{""--ball-speed"": 7, ""--no-plot"": null, ""--serve-box"": null}",13,True,active,0.122735,1.981994,0.113439,30.0,80.0,1.8,0.99,1.7,30.0,0.122735,1.726,1.59,
exp13_arch,ballspeed7__noplot__servebox,"{""--ball-speed"": 7, ""--no-plot"": null, ""--serve-box"": null}",2,True,active,0.102455,1.969225,0.098729,25.0,80.0,1.8,0.99,1.9,25.0,0.102455,1.762,1.61,
exp13_arch,ballspeed7__noplot__servebox,"{""--ball-speed"": 7, ""--no-plot"": null, ""--serve-box"": null}",14,True,active,0.047737,2.010868,0.047737,50.0,105.0,1.59,1.0,1.4,15.0,0.047737,1.469,1.61,
exp13_arch,ballspeed7__noplot__servebox,"{""--ball-speed"": 7, ""--no-plot"": null, ""--serve-box"": null}",6,True,active,0.06403,1.918489,0.059018,60.0,105.0,1.5,0.99,1.8,20.0,0.06403,1.348,1.7,
exp13_arch,ballspeed7__noplot__servebox,"{""--ball-speed"": 7, ""--no-plot"": null, ""--serve-box"": null}",11,True,active,0.118389,1.995488,0.110457,0.0,0.0,1.81,1.0,1.9,30.0,0.118389,1.364,1.77,
exp13_arch,ballspeed7__noplot__servebox,"{""--ball-speed"": 7, ""--no-plot"": null, ""--serve-box"": null}",20,,,,,,,,,,,,,,0.23,no_result
exp13_arch,ballspeed7__noplot__servebox,"{""--ball-speed"": 7, ""--no-plot"": null, ""--serve-box"": null}",21,,,,,,,,,,,,,,0.22,no_result
exp13_arch,ballspeed7__noplot__servebox,"{""--ball-speed"": 7, ""--no-plot"": null, ""--serve-box"": null}",4,True,active,0.138839,1.950731,0.127067,45.0,105.0,1.4,1.0,1.4,20.0,0.138839,1.302,1.86,
exp13_arch,ballspeed7__noplot__servebox,"{""--ball-speed"": 7, ""--no-plot"": null, ""--serve-box"": null}",3,True,active,0.109543,1.992778,0.095492,50.0,105.0,1.81,0.99,1.9,35.0,0.109543,1.465,1.87,
exp13_arch,ballspeed7__noplot__servebox,"{""--ball-speed"": 7, ""--no-plot"": null, ""--serve-box"": null}",27,,,,,,,,,,,,,,0.23,no_result
exp13_arch,ballspeed7__noplot__servebox,"{""--ball-speed"": 7, ""--no-plot"": null, ""--serve-box"": null}",15,True,passive,0.081878,1.948164,0.081878,55.0,105.0,1.58,0.98,1.5,10.0,0.081878,0.17,2.21,
exp13_arch,ballspeed7__noplot__servebox,"{""--ball-speed"": 7, ""--no-plot"": null, ""--serve-box"": null}",5,True,active,0.12829,1.964744,0.12829,0.0,20.0,1.77,0.98,1.8,30.0,0.12829,1.646,2.44,
exp13_arch,ballspeed7__noplot__servebox,"{""--ball-speed"": 7, ""--no-plot"": null, ""--serve-box"": null}",7,True,active,0.097377,1.929171,0.094438,50.0,105.0,1.59,1.0,1.6,25.0,0.097377,0.896,2.9,
exp13_arch,ballspeed7__noplot__servebox,"{""--ball-speed"": 7, ""--no-plot"": null, ""--serve-box"": null}",8,False,miss,0.358096,1.944892,0.172004,0.0,0.0,1.37,1.0,1.6,0.0,0.358096,0.0,2.95,
exp13_arch,ballspeed7__noplot__servebox,"{""--ball-speed"": 7, ""--no-plot"": null, ""--serve-box"": null}",19,True,active,0.085417,1.970768,0.085417,45.0,85.0,1.72,0.99,1.7,25.0,0.085417,1.576,1.44,
exp13_arch,ballspeed7__noplot__servebox,"{""--ball-speed"": 7, ""--no-plot"": null, ""--serve-box"": null}",9,False,miss,0.330493,1.927912,0.172817,20.0,0.0,1.16,0.99,1.6,0.0,0.330493,0.0,3.09,
exp13_arch,ballspeed7__noplot__servebox,"{""--ball-speed"": 7, ""--no-plot"": null, ""--serve-box"": null}",16,True,active,0.101702,1.982196,0.073246,50.0,75.0,1.8,0.99,1.7,30.0,0.101702,1.362,3.14,
exp13_arch,ballspeed7__noplot__servebox,"{""--ball-speed"": 7, ""--no-plot"": null, ""--serve-box"": null}",10,True,active,0.062241,1.981583,0.062241,50.0,105.0,1.5,1.0,1.6,15.0,0.062241,1.42,3.2,
exp13_arch,ballspeed7__noplot__servebox,"{""--ball-speed"": 7, ""--no-plot"": null, ""--serve-box"": null}",12,True,active,0.089631,1.970173,0.089631,40.0,95.0,1.79,0.98,1.9,35.0,0.089631,1.444,3.23,
exp13_arch,ballspeed7__noplot__servebox,"{""--ball-speed"": 7, ""--no-plot"": null, ""--serve-box"": null}",23,True,active,0.069135,2.006176,0.069135,40.0,105.0,1.81,1.0,1.7,20.0,0.069135,1.768,1.57,
exp13_arch,ballspeed7__noplot__servebox,"{""--ball-speed"": 7, ""--no-plot"": null, ""--serve-box"": null}",18,True,active,0.138148,1.955343,0.133205,45.0,105.0,1.76,1.0,1.5,15.0,0.138148,1.296,1.84,
exp13_arch,ballspeed7__noplot__servebox,"{""--ball-speed"": 7, ""--no-plot"": null, ""--serve-box"": null}",24,True,active,0.125102,1.948396,0.116213,45.0,90.0,1.32,1.0,1.5,20.0,0.125102,1.104,1.63,
exp13_arch,ballspeed7__noplot__servebox,"{""--ball-speed"": 7, ""--no-plot"": null, ""--serve-box"": null}",28,True,active,0.142756,1.929098,0.122952,50.0,75.0,1.49,0.99,1.6,20.0,0.142756,1.412,1.45,
exp13_arch,ballspeed7__noplot__servebox,"{""--ball-speed"": 7, ""--no-plot"": null, ""--serve-box"": null}",29,True,active,0.126415,1.959417,0.124708,0.0,15.0,1.78,0.98,2.1,30.0,0.126415,1.776,1.47,
exp13_arch,ballspeed7__noplot__servebox,"{""--ball-speed"": 7, ""--no-plot"": null, ""--serve-box"": null}",30,True,active,0.110765,1.974469,0.110765,40.0,105.0,1.79,0.98,1.9,30.0,0.110765,1.757,1.46,
exp13_arch,ballspeed7__noplot__servebox,"{""--ball-speed"": 7, ""--no-plot"": null, ""--serve-box"": null}",22,True,active,0.089577,1.922023,0.089577,0.0,0.0,1.68,1.0,2.2,10.0,0.089577,1.386,2.22,
exp13_arch,ballspeed7__noplot__servebox,"{""--ball-speed"": 7, ""--no-plot"": null, ""--serve-box"": null}",25,True,active,0.128594,1.984513,0.116793,0.0,25.0,1.8,0.98,2.2,35.0,0.128594,1.769,2.32,
exp13_arch,ballspeed7__noplot__servebox,"{""--ball-speed"": 7, ""--no-plot"": null, ""--serve-box"": null}",26,True,active,0.094771,1.948063,0.09348,40.0,105.0,1.79,0.99,1.7,40.0,0.094771,1.545,2.57,
exp13_arch,ballspeed7__noplot__servebox,"{""--ball-speed"": 7, ""--no-plot"": null, ""--serve-box"": null}",31,True,active,0.140328,1.978858,0.13343,40.0,50.0,1.79,1.0,1.8,20.0,0.140328,1.624,1.61,
exp13_arch,ballspeed7__noplot__servebox,"{""--ball-speed"": 7, ""--no-plot"": null, ""--serve-box"": null}",33,True,active,0.087156,1.951641,0.087156,45.0,105.0,1.74,0.99,1.9,25.0,0.087156,1.417,1.56,
exp13_arch,ballspeed7__noplot__servebox,"{""--ball-speed"": 7, ""--no-plot"": null, ""--serve-box"": null}",36,True,active,0.102525,1.965262,0.102525,40.0,105.0,1.79,0.98,1.7,25.0,0.102525,1.518,1.52,
exp13_arch,ballspeed7__noplot__servebox,"{""--ball-speed"": 7, ""--no-plot"": null, ""--serve-box"": null}",39,False,miss,0.392,1.95284,0.149923,0.0,0.0,1.78,1.0,2.1,0.0,0.392,0.0,1.56,
exp13_arch,ballspeed7__noplot__servebox,"{""--ball-speed"": 7, ""--no-plot"": null, ""--serve-box"": null}",41,True,active,0.114071,2.022208,0.114071,40.0,105.0,1.79,0.99,1.9,20.0,0.114071,1.791,1.53,
exp13_arch,ballspeed7__noplot__servebox,"{""--ball-speed"": 7, ""--no-plot"": null, ""--serve-box"": null}",43,False,miss,0.369765,1.966008,0.154879,25.0,10.0,1.74,1.0,1.8,0.0,0.369765,0.0,1.48,
exp13_arch,ballspeed7__noplot__servebox,"{""--ball-speed"": 7, ""--no-plot"": null, ""--serve-box"": null}",40,True,active,0.102306,1.97941,0.102306,40.0,105.0,1.46,1.0,1.8,20.0,0.102306,1.227,1.97,
exp13_arch,ballspeed7__noplot__servebox,"{""--ball-speed"": 7, ""--no-plot"": null, ""--serve-box"": null}",44,False,miss,0.432483,1.94984,0.148107,25.0,0.0,1.81,0.99,1.7,0.0,0.432483,0.0,1.67,
exp13_arch,ballspeed7__noplot__servebox,"{""--ball-speed"": 7, ""--no-plot"": null, ""--serve-box"": null}",34,True,active,0.098825,1.983534,0.096078,45.0,105.0,1.64,0.99,1.4,20.0,0.098825,1.55,2.73,
exp13_arch,ballspeed7__noplot__servebox,"{""--ball-speed"": 7, ""--no-plot"": null, ""--serve-box"": null}",45,True,active,0.142677,1.977684,0.137692,35.0,50.0,1.78,1.0,1.9,30.0,0.142677,1.484,1.71,
exp13_arch,ballspeed7__noplot__servebox,"{""--ball-speed"": 7, ""--no-plot"": null, ""--serve-box"": null}",32,True,active,0.072118,1.97307,0.072118,45.0,105.0,1.49,1.0,1.3,10.0,0.072118,1.423,2.95,
exp13_arch,ballspeed7__noplot__servebox,"{""--ball-speed"": 7, ""--no-plot"": null, ""--serve-box"": null}",46,True,active,0.131919,1.792022,0.130606,30.0,45.0,1.8,1.0,1.9,25.0,0.131919,1.797,1.53,
exp13_arch,ballspeed7__noplot__servebox,"{""--ball-speed"": 7, ""--no-plot"": null, ""--serve-box"": null}",35,False,miss,0.455666,1.99972,0.156579,0.0,0.0,1.8,1.0,2.0,0.0,0.455666,0.0,3.04,
exp13_arch,ballspeed7__noplot__servebox,"{""--ball-speed"": 7, ""--no-plot"": null, ""--serve-box"": null}",48,True,active,0.131218,1.993287,0.12195,45.0,90.0,1.64,1.0,1.6,20.0,0.131218,1.282,1.81,
exp13_arch,ballspeed7__noplot__servebox,"{""--ball-speed"": 7, ""--no-plot"": null, ""--serve-box"": null}",37,False,miss,0.434161,1.929433,0.166941,20.0,0.0,1.78,0.99,1.7,0.0,0.434161,0.0,3.23,
exp13_arch,ballspeed7__noplot__servebox,"{""--ball-speed"": 7, ""--no-plot"": null, ""--serve-box"": null}",38,False,miss,0.40259,1.971058,0.152032,25.0,0.0,1.77,1.0,1.8,0.0,0.40259,0.0,3.14,
exp13_arch,ballspeed7__noplot__servebox,"{""--ball-speed"": 7, ""--no-plot"": null, ""--serve-box"": null}",42,True,active,0.118449,1.967939,0.108581,45.0,105.0,1.77,1.0,1.9,25.0,0.118449,1.486,2.81,
exp13_arch,ballspeed7__noplot__servebox,"{""--ball-speed"": 7, ""--no-plot"": null, ""--serve-box"": null}",49,True,active,0.110307,1.983777,0.110307,40.0,105.0,1.48,0.99,1.5,25.0,0.110307,0.945,1.79,
exp13_arch,ballspeed7__noplot__servebox,"{""--ball-speed"": 7, ""--no-plot"": null, ""--serve-box"": null}",51,False,miss,0.413509,1.907956,0.188295,0.0,0.0,1.69,1.0,1.7,0.0,0.413509,0.0,1.49,
exp13_arch,ballspeed7__noplot__servebox,"{""--ball-speed"": 7, ""--no-plot"": null, ""--serve-box"": null}",47,True,active,0.02424,2.029368,0.02424,45.0,105.0,1.8,1.0,1.7,20.0,0.02424,1.309,2.09,
exp13_arch,ballspeed7__noplot__servebox,"{""--ball-speed"": 7, ""--no-plot"": null, ""--serve-box"": null}",50,True,active,0.086088,1.952023,0.074544,45.0,105.0,1.81,0.99,1.7,30.0,0.086088,1.69,1.79,
exp13_arch,ballspeed7__noplot__servebox,"{""--ball-speed"": 7, ""--no-plot"": null, ""--serve-box"": null}",52,True,active,0.050836,2.008741,0.050836,45.0,105.0,1.8,0.99,1.6,30.0,0.050836,0.935,1.52,
exp13_arch,ballspeed7__noplot__servebox,"{""--ball-speed"": 7, ""--no-plot"": null, ""--serve-box"": null}",53,True,active,0.060068,2.011538,0.058543,45.0,105.0,1.81,1.0,1.7,25.0,0.060068,1.628,1.73,
exp13_arch,ballspeed7__noplot__servebox,"{""--ball-speed"": 7, ""--no-plot"": null, ""--serve-box"": null}",55,True,active,0.08248,1.982655,0.075304,50.0,105.0,1.79,0.99,1.6,25.0,0.08248,1.733,1.51,
exp13_arch,ballspeed7__noplot__servebox,"{""--ball-speed"": 7, ""--no-plot"": null, ""--serve-box"": null}",57,True,active,0.127769,1.936733,0.127769,35.0,100.0,1.42,0.99,1.6,10.0,0.127769,1.347,1.54,
exp13_arch,ballspeed7__noplot__servebox,"{""--ball-speed"": 7, ""--no-plot"": null, ""--serve-box"": null}",58,True,active,0.044894,2.026119,0.044894,45.0,95.0,1.8,1.0,1.7,25.0,0.044894,1.656,1.48,
exp13_arch,ballspeed7__noplot__servebox,"{""--ball-speed"": 7, ""--no-plot"": null, ""--serve-box"": null}",56,False,miss,0.394543,1.941165,0.151582,25.0,35.0,1.8,1.0,2.3,0.0,0.394543,0.0,2.01,
exp13_arch,ballspeed7__noplot__servebox,"{""--ball-speed"": 7, ""--no-plot"": null, ""--serve-box"": null}",60,True,active,0.06734,2.000328,0.06734,50.0,105.0,1.81,1.0,1.6,25.0,0.06734,1.705,1.67,
exp13_arch,ballspeed7__noplot__servebox,"{""--ball-speed"": 7, ""--no-plot"": null, ""--serve-box"": null}",64,True,active,0.094803,1.974381,0.094803,45.0,105.0,1.59,0.99,1.5,20.0,0.094803,1.298,1.59,
exp13_arch,ballspeed7__noplot__servebox,"{""--ball-speed"": 7, ""--no-plot"": null, ""--serve-box"": null}",54,True,active,0.121581,1.992811,0.103519,20.0,65.0,1.8,1.0,1.6,25.0,0.121581,1.557,2.65,
exp13_arch,ballspeed7__noplot__servebox,"{""--ball-speed"": 7, ""--no-plot"": null, ""--serve-box"": null}",66,True,active,0.149832,1.948246,0.142602,45.0,65.0,1.2,1.0,1.6,10.0,0.149832,0.926,1.73,
exp13_arch,ballspeed7__noplot__servebox,"{""--ball-speed"": 7, ""--no-plot"": null, ""--serve-box"": null}",67,True,active,0.12046,1.942688,0.104442,5.0,45.0,1.79,0.99,1.5,25.0,0.12046,1.72,1.56,
exp13_arch,ballspeed7__noplot__servebox,"{""--ball-speed"": 7, ""--no-plot"": null, ""--serve-box"": null}",69,True,active,0.130551,2.010007,0.127224,40.0,105.0,1.79,1.0,2.0,30.0,0.130551,1.635,1.54,
exp13_arch,ballspeed7__noplot__servebox,"{""--ball-speed"": 7, ""--no-plot"": null, ""--serve-box"": null}",70,True,active,0.126816,1.961333,0.126816,40.0,105.0,1.79,0.99,1.7,20.0,0.126816,1.571,1.57,
exp13_arch,ballspeed7__noplot__servebox,"{""--ball-speed"": 7, ""--no-plot"": null, ""--serve-box"": null}",71,True,active,0.111803,1.982985,0.104631,45.0,105.0,1.79,0.99,1.6,25.0,0.111803,1.697,1.53,
exp13_arch,ballspeed7__noplot__servebox,"{""--ball-speed"": 7, ""--no-plot"": null, ""--serve-box"": null}",72,True,passive,0.086499,1.965257,0.078985,50.0,105.0,1.1,1.0,1.6,10.0,0.086499,0.223,1.68,
exp13_arch,ballspeed7__noplot__servebox,"{""--ball-speed"": 7, ""--no-plot"": null, ""--serve-box"": null}",59,True,active,0.101977,1.994321,0.086447,0.0,0.0,1.8,1.0,1.7,30.0,0.101977,1.754,3.08,
exp13_arch,ballspeed7__noplot__servebox,"{""--ball-speed"": 7, ""--no-plot"": null, ""--serve-box"": null}",68,True,active,0.124526,1.963828,0.115772,35.0,105.0,1.8,0.99,1.6,25.0,0.124526,1.789,2.38,
exp13_arch,ballspeed7__noplot__servebox,"{""--ball-speed"": 7, ""--no-plot"": null, ""--serve-box"": null}",73,False,miss,0.422516,1.976794,0.144335,30.0,0.0,1.79,1.0,1.9,0.0,0.422516,0.0,1.62,
exp13_arch,ballspeed7__noplot__servebox,"{""--ball-speed"": 7, ""--no-plot"": null, ""--serve-box"": null}",61,True,active,0.115391,1.94357,0.11211,45.0,105.0,1.79,0.98,1.6,25.0,0.115391,1.789,3.06,
exp13_arch,ballspeed7__noplot__servebox,"{""--ball-speed"": 7, ""--no-plot"": null, ""--serve-box"": null}",65,True,active,0.149961,1.976401,0.142295,35.0,85.0,1.38,0.99,2.0,5.0,0.149961,0.7,3.05,
exp13_arch,ballspeed7__noplot__servebox,"{""--ball-speed"": 7, ""--no-plot"": null, ""--serve-box"": null}",63,True,active,0.08966,1.969973,0.076861,5.0,50.0,1.8,0.99,1.5,25.0,0.08966,1.703,3.15,
exp13_arch,ballspeed7__noplot__servebox,"{""--ball-speed"": 7, ""--no-plot"": null, ""--serve-box"": null}",62,True,active,0.090677,2.013092,0.090677,50.0,105.0,1.8,1.0,1.7,15.0,0.090677,1.316,3.18,
exp13_arch,ballspeed7__noplot__servebox,"{""--ball-speed"": 7, ""--no-plot"": null, ""--serve-box"": null}",75,False,miss,0.428247,1.932509,0.158918,25.0,0.0,1.79,0.99,1.9,0.0,0.428247,0.0,1.58,
exp13_arch,ballspeed7__noplot__servebox,"{""--ball-speed"": 7, ""--no-plot"": null, ""--serve-box"": null}",77,False,miss,0.379655,1.92815,0.1463,25.0,10.0,1.79,1.0,1.7,0.0,0.379655,0.0,1.54,
exp13_arch,ballspeed7__noplot__servebox,"{""--ball-speed"": 7, ""--no-plot"": null, ""--serve-box"": null}",76,True,active,0.078728,2.007224,0.078728,40.0,100.0,1.81,1.0,1.7,30.0,0.078728,1.809,1.67,
exp13_arch,ballspeed7__noplot__servebox,"{""--ball-speed"": 7, ""--no-plot"": null, ""--serve-box"": null}",78,True,active,0.078216,1.936617,0.078216,40.0,105.0,1.81,1.0,1.7,30.0,0.078216,1.446,1.61,
exp13_arch,ballspeed7__noplot__servebox,"{""--ball-speed"": 7, ""--no-plot"": null, ""--serve-box"": null}",80,True,active,0.114719,1.988049,0.109887,45.0,105.0,1.81,0.99,1.8,20.0,0.114719,1.796,1.56,
exp13_arch,ballspeed7__noplot__servebox,"{""--ball-speed"": 7, ""--no-plot"": null, ""--serve-box"": null}",82,True,active,0.112963,1.962026,0.106735,40.0,105.0,1.79,1.0,1.7,25.0,0.112963,1.753,1.48,
exp13_arch,ballspeed7__noplot__servebox,"{""--ball-speed"": 7, ""--no-plot"": null, ""--serve-box"": null}",79,True,active,0.125379,1.949619,0.107626,45.0,90.0,1.79,1.0,1.8,25.0,0.125379,1.492,1.9,
exp13_arch,ballspeed7__noplot__servebox,"{""--ball-speed"": 7, ""--no-plot"": null, ""--serve-box"": null}",84,True,active,0.105985,1.945264,0.100042,45.0,105.0,1.7,1.0,1.8,20.0,0.105985,1.515,1.56,
exp13_arch,ballspeed7__noplot__servebox,"{""--ball-speed"": 7, ""--no-plot"": null, ""--serve-box"": null}",74,True,active,0.140959,1.980217,0.140959,35.0,60.0,1.8,0.99,1.9,25.0,0.140959,1.694,2.96,
exp13_arch,ballspeed7__noplot__servebox,"{""--ball-speed"": 7, ""--no-plot"": null, ""--serve-box"": null}",85,True,active,0.107033,1.993645,0.088715,35.0,85.0,1.82,1.0,1.6,30.0,0.107033,1.582,1.53,
exp13_arch,ballspeed7__noplot__servebox,"{""--ball-speed"": 7, ""--no-plot"": null, ""--serve-box"": null}",83,True,active,0.077726,1.953,0.074827,55.0,105.0,1.42,1.0,1.6,20.0,0.077726,1.373,1.79,
exp13_arch,ballspeed7__noplot__servebox,"{""--ball-speed"": 7, ""--no-plot"": null, ""--serve-box"": null}",90,True,active,0.097112,1.993436,0.095722,40.0,105.0,1.79,0.98,1.8,20.0,0.097112,1.718,1.53,
exp13_arch,ballspeed7__noplot__servebox,"{""--ball-speed"": 7, ""--no-plot"": null, ""--serve-box"": null}",91,True,active,0.084345,2.009766,0.084345,40.0,105.0,1.82,0.99,1.8,10.0,0.084345,1.441,1.69,
exp13_arch,ballspeed7__noplot__servebox,"{""--ball-speed"": 7, ""--no-plot"": null, ""--serve-box"": null}",86,True,active,0.112058,1.986678,0.112058,40.0,105.0,1.79,0.98,1.9,30.0,0.112058,1.789,2.05,
exp13_arch,ballspeed7__noplot__servebox,"{""--ball-speed"": 7, ""--no-plot"": null, ""--serve-box"": null}",92,False,miss,0.444568,1.979275,0.17535,15.0,0.0,1.79,0.99,2.3,0.0,0.444568,0.0,1.74,
exp13_arch,ballspeed7__noplot__servebox,"{""--ball-speed"": 7, ""--no-plot"": null, ""--serve-box"": null}",81,True,active,0.08243,2.000662,0.082409,40.0,105.0,1.8,1.0,1.7,20.0,0.08243,1.721,3.02,
exp13_arch,ballspeed7__noplot__servebox,"{""--ball-speed"": 7, ""--no-plot"": null, ""--serve-box"": null}",94,True,active,0.123792,1.920135,0.116083,45.0,105.0,1.68,0.99,1.7,25.0,0.123792,1.354,1.6,
exp13_arch,ballspeed7__noplot__servebox,"{""--ball-speed"": 7, ""--no-plot"": null, ""--serve-box"": null}",95,True,active,0.119099,1.986349,0.119099,35.0,105.0,1.79,0.99,1.9,30.0,0.119099,1.792,1.46,
exp13_arch,ballspeed7__noplot__servebox,"{""--ball-speed"": 7, ""--no-plot"": null, ""--serve-box"": null}",97,True,active,0.135319,1.989682,0.12632,35.0,0.0,1.81,1.0,1.9,30.0,0.135319,1.674,1.51,
exp13_arch,ballspeed7__noplot__servebox,"{""--ball-speed"": 7, ""--no-plot"": null, ""--serve-box"": null}",87,True,active,0.090849,2.015689,0.090849,40.0,105.0,1.78,1.0,1.9,25.0,0.090849,1.542,2.9,
exp13_arch,ballspeed7__noplot__servebox,"{""--ball-speed"": 7, ""--no-plot"": null, ""--serve-box"": null}",89,True,active,0.095898,1.961599,0.095898,0.0,0.0,1.76,0.99,1.9,15.0,0.095898,1.72,3.1,
exp13_arch,ballspeed7__noplot__servebox,"{""--ball-speed"": 7, ""--no-plot"": null, ""--serve-box"": null}",101,True,active,0.064894,1.996066,0.064894,40.0,105.0,1.75,0.99,1.7,25.0,0.064894,1.63,1.55,
exp13_arch,ballspeed7__noplot__servebox,"{""--ball-speed"": 7, ""--no-plot"": null, ""--serve-box"": null}",88,True,active,0.09784,2.010965,0.09784,45.0,105.0,1.75,1.0,1.6,25.0,0.09784,1.398,3.14,
exp13_arch,ballspeed7__noplot__servebox,"{""--ball-speed"": 7, ""--no-plot"": null, ""--serve-box"": null}",100,True,active,0.094915,1.979577,0.091162,50.0,105.0,1.81,1.0,1.8,20.0,0.094915,1.754,1.8,
exp13_arch,ballspeed7__noplot__servebox,"{""--ball-speed"": 7, ""--no-plot"": null, ""--serve-box"": null}",93,True,active,0.082958,1.98447,0.082958,45.0,105.0,1.78,0.98,1.9,20.0,0.082958,1.742,3.02,
exp13_arch,ballspeed7__noplot__servebox,"{""--ball-speed"": 7, ""--no-plot"": null, ""--serve-box"": null}",96,True,active,0.118861,2.004829,0.118494,45.0,105.0,1.81,1.0,2.2,25.0,0.118861,1.612,2.5,
exp13_arch,ballspeed7__noplot__servebox,"{""--ball-speed"": 7, ""--no-plot"": null, ""--serve-box"": null}",99,True,active,0.105855,1.94285,0.105855,35.0,105.0,1.5,1.0,1.5,20.0,0.105855,1.113,2.17,
exp13_arch,ballspeed7__noplot__servebox,"{""--ball-speed"": 7, ""--no-plot"": null, ""--serve-box"": null}",103,True,active,0.143499,2.00435,0.141793,35.0,60.0,1.8,1.0,2.0,25.0,0.143499,1.802,1.63,
exp13_arch,ballspeed7__noplot__servebox,"{""--ball-speed"": 7, ""--no-plot"": null, ""--serve-box"": null}",102,True,active,0.067994,1.958327,0.063285,50.0,105.0,1.77,1.0,1.9,10.0,0.067994,0.715,1.68,
exp13_arch,ballspeed7__noplot__servebox,"{""--ball-speed"": 7, ""--no-plot"": null, ""--serve-box"": null}",104,True,active,0.120273,1.977265,0.119054,45.0,105.0,1.77,0.99,1.8,25.0,0.120273,1.613,1.83,
exp13_arch,ballspeed7__noplot__servebox,"{""--ball-speed"": 7, ""--no-plot"": null, ""--serve-box"": null}",105,True,active,0.095673,1.957098,0.095673,40.0,105.0,1.45,0.99,1.6,25.0,0.095673,0.887,1.79,
exp13_arch,ballspeed7__noplot__servebox,"{""--ball-speed"": 7, ""--no-plot"": null, ""--serve-box"": null}",107,True,active,0.059493,1.996101,0.059493,50.0,105.0,1.8,1.0,1.9,15.0,0.059493,1.655,1.73,
exp13_arch,ballspeed7__noplot__servebox,"{""--ball-speed"": 7, ""--no-plot"": null, ""--serve-box"": null}",98,True,active,0.094357,1.942352,0.058927,0.0,0.0,1.8,1.0,1.6,40.0,0.094357,1.765,2.85,
exp13_arch,ballspeed7__noplot__servebox,"{""--ball-speed"": 7, ""--no-plot"": null, ""--serve-box"": null}",109,True,active,0.089146,2.000516,0.089146,40.0,105.0,1.2,1.0,1.4,10.0,0.089146,0.501,1.63,
exp13_arch,ballspeed7__noplot__servebox,"{""--ball-speed"": 7, ""--no-plot"": null, ""--serve-box"": null}",106,False,miss,0.388744,1.983142,0.1571,0.0,0.0,1.76,1.0,1.9,0.0,0.388744,0.0,2.1,
exp13_arch,ballspeed7__noplot__servebox,"{""--ball-speed"": 7, ""--no-plot"": null, ""--serve-box"": null}",111,False,miss,0.421456,1.936847,0.179316,10.0,0.0,1.78,1.0,1.6,0.0,0.421456,0.0,1.59,
exp13_arch,ballspeed7__noplot__servebox,"{""--ball-speed"": 7, ""--no-plot"": null, ""--serve-box"": null}",113,True,active,0.055683,1.941505,0.055683,0.0,0.0,1.81,0.98,1.6,35.0,0.055683,1.772,1.54,
exp13_arch,ballspeed7__noplot__servebox,"{""--ball-speed"": 7, ""--no-plot"": null, ""--serve-box"": null}",114,True,active,0.110543,1.968842,0.090315,0.0,0.0,1.79,0.99,1.7,30.0,0.110543,1.544,1.55,
exp13_arch,ballspeed7__noplot__servebox,"{""--ball-speed"": 7, ""--no-plot"": null, ""--serve-box"": null}",116,True,active,0.109453,2.003347,0.108667,40.0,105.0,1.79,1.0,1.7,30.0,0.109453,1.705,1.5,
exp13_arch,ballspeed7__noplot__servebox,"{""--ball-speed"": 7, ""--no-plot"": null, ""--serve-box"": null}",118,True,active,0.07099,1.957358,0.07099,50.0,105.0,1.8,0.99,1.6,25.0,0.07099,1.052,1.51,
exp13_arch,ballspeed7__noplot__servebox,"{""--ball-speed"": 7, ""--no-plot"": null, ""--serve-box"": null}",119,True,active,0.120075,1.953396,0.085977,45.0,90.0,1.78,1.0,1.4,30.0,0.120075,1.753,1.68,
exp13_arch,ballspeed7__noplot__servebox,"{""--ball-speed"": 7, ""--no-plot"": null, ""--serve-box"": null}",121,True,active,0.060333,1.948993,0.060333,45.0,105.0,1.77,1.0,1.6,20.0,0.060333,1.545,1.65,
exp13_arch,ballspeed7__noplot__servebox,"{""--ball-speed"": 7, ""--no-plot"": null, ""--serve-box"": null}",108,True,active,0.043547,2.032287,0.043547,40.0,105.0,1.8,1.0,1.6,10.0,0.043547,1.732,3.09,
exp13_arch,ballspeed7__noplot__servebox,"{""--ball-speed"": 7, ""--no-plot"": null, ""--serve-box"": null}",120,True,active,0.111796,1.953221,0.111283,50.0,105.0,1.72,1.0,1.8,25.0,0.111796,1.723,1.69,
exp13_arch,ballspeed7__noplot__servebox,"{""--ball-speed"": 7, ""--no-plot"": null, ""--serve-box"": null}",123,True,active,0.123535,1.955993,0.113642,40.0,105.0,1.81,0.99,1.8,30.0,0.123535,1.78,1.59,
exp13_arch,ballspeed7__noplot__servebox,"{""--ball-speed"": 7, ""--no-plot"": null, ""--serve-box"": null}",112,True,active,0.109399,1.934944,0.095262,0.0,0.0,1.78,0.99,1.7,35.0,0.109399,1.78,3.0,
exp13_arch,ballspeed7__noplot__servebox,"{""--ball-speed"": 7, ""--no-plot"": null, ""--serve-box"": null}",124,True,active,0.055531,1.959583,0.055531,40.0,105.0,1.8,1.0,1.5,25.0,0.055531,1.649,1.64,
exp13_arch,ballspeed7__noplot__servebox,"{""--ball-speed"": 7, ""--no-plot"": null, ""--serve-box"": null}",110,False,miss,0.352841,1.962354,0.156267,20.0,0.0,1.74,1.0,1.2,0.0,0.352841,0.0,3.13,
exp13_arch,ballspeed7__noplot__servebox,"{""--ball-speed"": 7, ""--no-plot"": null, ""--serve-box"": null}",127,True,active,0.138774,1.968684,0.119285,45.0,15.0,1.76,0.99,1.6,25.0,0.138774,1.54,1.51,
exp13_arch,ballspeed7__noplot__servebox,"{""--ball-speed"": 7, ""--no-plot"": null, ""--serve-box"": null}",125,True,active,0.1389,1.975559,0.136145,35.0,40.0,1.79,1.0,2.3,35.0,0.1389,1.752,1.69,
exp13_arch,ballspeed7__noplot__servebox,"{""--ball-speed"": 7, ""--no-plot"": null, ""--serve-box"": null}",117,True,active,0.043888,1.976722,0.043888,40.0,105.0,1.8,1.0,1.9,10.0,0.043888,1.684,3.02,
exp13_arch,ballspeed7__noplot__servebox,"{""--ball-speed"": 7, ""--no-plot"": null, ""--serve-box"": null}",129,True,active,0.127363,1.968508,0.120778,40.0,90.0,1.81,0.99,1.7,20.0,0.127363,1.737,1.49,
exp13_arch,ballspeed7__noplot__servebox,"{""--ball-speed"": 7, ""--no-plot"": null, ""--serve-box"": null}",115,True,active,0.084411,1.987778,0.081207,55.0,105.0,1.62,0.99,1.4,20.0,0.084411,1.458,3.13,
exp13_arch,ballspeed7__noplot__servebox,"{""--ball-speed"": 7, ""--no-plot"": null, ""--serve-box"": null}",126,True,active,0.090956,1.99143,0.048016,0.0,40.0,1.81,0.98,2.0,35.0,0.090956,1.757,1.94,
exp13_arch,ballspeed7__noplot__servebox,"{""--ball-speed"": 7, ""--no-plot"": null, ""--serve-box"": null}",130,False,miss,0.398849,1.95707,0.143537,30.0,0.0,1.8,1.0,1.8,0.0,0.398849,0.0,1.5,
exp13_arch,ballspeed7__noplot__servebox,"{""--ball-speed"": 7, ""--no-plot"": null, ""--serve-box"": null}",128,True,active,0.091097,1.918658,0.086485,50.0,105.0,1.77,1.0,1.8,30.0,0.091097,1.549,1.95,
exp13_arch,ballspeed7__noplot__servebox,"{""--ball-speed"": 7, ""--no-plot"": null, ""--serve-box"": null}",132,True,active,0.127763,1.956317,0.120596,40.0,105.0,1.26,1.0,1.6,0.0,0.127763,0.608,1.58,
exp13_arch,ballspeed7__noplot__servebox,"{""--ball-speed"": 7, ""--no-plot"": null, ""--serve-box"": null}",122,True,active,0.033165,1.995381,0.033165,55.0,105.0,1.73,1.0,2.0,0.0,0.033165,0.713,3.17,
exp13_arch,ballspeed7__noplot__servebox,"{""--ball-speed"": 7, ""--no-plot"": null, ""--serve-box"": null}",131,True,active,0.08492,1.990484,0.083173,50.0,105.0,1.77,1.0,1.6,25.0,0.08492,1.477,1.66,
exp13_arch,ballspeed7__noplot__servebox,"{""--ball-speed"": 7, ""--no-plot"": null, ""--serve-box"": null}",136,False,miss,0.37347,1.962413,0.115559,0.0,0.0,1.79,0.99,1.9,0.0,0.37347,0.0,1.45,
exp13_arch,ballspeed7__noplot__servebox,"{""--ball-speed"": 7, ""--no-plot"": null, ""--serve-box"": null}",135,False,miss,0.434891,1.973129,0.167996,15.0,0.0,1.8,1.0,1.8,0.0,0.434891,0.0,1.56,
exp13_arch,ballspeed7__noplot__servebox,"{""--ball-speed"": 7, ""--no-plot"": null, ""--serve-box"": null}",137,True,active,0.109842,1.957051,0.109842,40.0,105.0,1.78,0.99,1.9,30.0,0.109842,1.743,1.57,
exp13_arch,ballspeed7__noplot__servebox,"{""--ball-speed"": 7, ""--no-plot"": null, ""--serve-box"": null}",141,True,active,0.094931,1.97055,0.087888,45.0,105.0,1.8,0.99,1.8,25.0,0.094931,1.732,1.56,
exp13_arch,ballspeed7__noplot__servebox,"{""--ball-speed"": 7, ""--no-plot"": null, ""--serve-box"": null}",138,True,active,0.124989,1.976028,0.124888,40.0,105.0,1.59,1.0,1.6,20.0,0.124989,1.043,1.79,
exp13_arch,ballspeed7__noplot__servebox,"{""--ball-speed"": 7, ""--no-plot"": null, ""--serve-box"": null}",143,True,active,0.058267,1.946285,0.058267,40.0,105.0,1.8,0.99,1.7,25.0,0.058267,1.571,1.71,
exp13_arch,ballspeed7__noplot__servebox,"{""--ball-speed"": 7, ""--no-plot"": null, ""--serve-box"": null}",134,True,active,0.070487,1.971365,0.070487,50.0,105.0,1.17,0.99,1.5,15.0,0.070487,0.465,2.61,
exp13_arch,ballspeed7__noplot__servebox,"{""--ball-speed"": 7, ""--no-plot"": null, ""--serve-box"": null}",140,True,active,0.102037,1.959572,0.102037,40.0,105.0,1.74,0.99,1.8,20.0,0.102037,1.586,2.26,
exp13_arch,ballspeed7__noplot__servebox,"{""--ball-speed"": 7, ""--no-plot"": null, ""--serve-box"": null}",133,True,active,0.077231,2.013494,0.077231,35.0,105.0,1.63,1.0,1.3,15.0,0.077231,1.632,3.04,
exp13_arch,ballspeed7__noplot__servebox,"{""--ball-speed"": 7, ""--no-plot"": null, ""--serve-box"": null}",144,False,miss,0.430521,1.977457,0.151959,30.0,0.0,1.81,0.99,1.8,0.0,0.430521,0.0,1.94,
exp13_arch,ballspeed7__noplot__servebox,"{""--ball-speed"": 7, ""--no-plot"": null, ""--serve-box"": null}",148,True,active,0.104547,1.969287,0.104547,40.0,105.0,1.78,0.99,1.7,30.0,0.104547,1.573,1.55,
exp13_arch,ballspeed7__noplot__servebox,"{""--ball-speed"": 7, ""--no-plot"": null, ""--serve-box"": null}",146,True,active,0.097222,1.971257,0.097222,40.0,105.0,1.78,0.99,2.0,20.0,0.097222,1.762,1.64,
exp13_arch,ballspeed7__noplot__servebox,"{""--ball-speed"": 7, ""--no-plot"": null, ""--serve-box"": null}",139,True,active,0.089441,1.99934,0.085895,50.0,105.0,1.56,1.0,1.5,10.0,0.089441,1.104,2.66,
exp13_arch,ballspeed7__noplot__servebox,"{""--ball-speed"": 7, ""--no-plot"": null, ""--serve-box"": null}",147,True,active,0.087256,1.983416,0.087256,45.0,105.0,1.82,0.99,1.9,15.0,0.087256,1.755,1.73,
exp13_arch,ballspeed7__noplot__servebox,"{""--ball-speed"": 7, ""--no-plot"": null, ""--serve-box"": null}",151,True,active,0.11514,1.843594,0.11514,20.0,30.0,1.79,0.98,2.4,30.0,0.11514,1.675,1.61,
exp13_arch,ballspeed7__noplot__servebox,"{""--ball-speed"": 7, ""--no-plot"": null, ""--serve-box"": null}",142,True,active,0.120407,1.976477,0.114471,45.0,105.0,1.79,1.0,1.5,20.0,0.120407,1.312,3.15,
exp13_arch,ballspeed7__noplot__servebox,"{""--ball-speed"": 7, ""--no-plot"": null, ""--serve-box"": null}",153,True,active,0.131341,1.993539,0.12451,45.0,105.0,1.81,1.0,1.7,30.0,0.131341,1.752,1.57,
exp13_arch,ballspeed7__noplot__servebox,"{""--ball-speed"": 7, ""--no-plot"": null, ""--serve-box"": null}",150,True,active,0.059271,2.033767,0.059271,50.0,105.0,1.79,0.99,1.7,20.0,0.059271,1.332,2.14,
exp13_arch,ballspeed7__noplot__servebox,"{""--ball-speed"": 7, ""--no-plot"": null, ""--serve-box"": null}",149,False,miss,0.360993,1.94649,0.167339,20.0,0.0,1.17,0.99,1.6,0.0,0.360993,0.0,2.28,
exp13_arch,ballspeed7__noplot__servebox,"{""--ball-speed"": 7, ""--no-plot"": null, ""--serve-box"": null}",145,True,active,0.062071,2.014719,0.062071,40.0,105.0,1.81,1.0,1.6,35.0,0.062071,1.791,3.09,
exp13_arch,ballspeed7__noplot__servebox,"{""--ball-speed"": 7, ""--no-plot"": null, ""--serve-box"": null}",155,True,active,0.093627,2.005636,0.090818,50.0,105.0,1.39,1.0,1.4,25.0,0.093627,0.772,1.67,
exp13_arch,ballspeed7__noplot__servebox,"{""--ball-speed"": 7, ""--no-plot"": null, ""--serve-box"": null}",160,False,miss,0.327229,1.964014,0.155804,25.0,30.0,1.14,1.0,1.7,0.0,0.327229,0.0,1.49,
exp13_arch,ballspeed7__noplot__servebox,"{""--ball-speed"": 7, ""--no-plot"": null, ""--serve-box"": null}",161,True,active,0.065368,1.973471,0.065368,45.0,105.0,1.8,0.98,1.5,10.0,0.065368,1.783,1.47,
exp13_arch,ballspeed7__noplot__servebox,"{""--ball-speed"": 7, ""--no-plot"": null, ""--serve-box"": null}",159,True,active,0.130536,2.020065,0.130536,35.0,85.0,1.63,1.0,1.8,25.0,0.130536,1.563,1.56,
exp13_arch,ballspeed7__noplot__servebox,"{""--ball-speed"": 7, ""--no-plot"": null, ""--serve-box"": null}",162,False,miss,0.423555,1.995964,0.148331,0.0,0.0,1.8,0.99,1.9,0.0,0.423555,0.0,1.53,
exp13_arch,ballspeed7__noplot__servebox,"{""--ball-speed"": 7, ""--no-plot"": null, ""--serve-box"": null}",154,True,active,0.144264,1.973232,0.13925,40.0,80.0,1.32,1.0,1.7,5.0,0.144264,0.742,2.41,
exp13_arch,ballspeed7__noplot__servebox,"{""--ball-speed"": 7, ""--no-plot"": null, ""--serve-box"": null}",156,True,active,0.111616,1.983647,0.093392,45.0,105.0,1.8,1.0,1.7,30.0,0.111616,1.754,1.99,
exp13_arch,ballspeed7__noplot__servebox,"{""--ball-speed"": 7, ""--no-plot"": null, ""--serve-box"": null}",163,True,active,0.031363,2.011859,0.031363,55.0,105.0,1.8,1.0,1.3,20.0,0.031363,1.228,1.61,
exp13_arch,ballspeed7__noplot__servebox,"{""--ball-speed"": 7, ""--no-plot"": null, ""--serve-box"": null}",165,True,active,0.056462,1.998258,0.056462,50.0,105.0,1.78,1.0,1.7,25.0,0.056462,1.535,1.51,
exp13_arch,ballspeed7__noplot__servebox,"{""--ball-speed"": 7, ""--no-plot"": null, ""--serve-box"": null}",152,True,active,0.140199,1.983955,0.13137,35.0,45.0,1.79,0.99,2.0,30.0,0.140199,1.713,3.16,
exp13_arch,ballspeed7__noplot__servebox,"{""--ball-speed"": 7, ""--no-plot"": null, ""--serve-box"": null}",167,True,active,0.11323,1.985961,0.08536,45.0,105.0,1.81,1.0,1.7,35.0,0.11323,1.778,1.49,
exp13_arch,ballspeed7__noplot__servebox,"{""--ball-speed"": 7, ""--no-plot"": null, ""--serve-box"": null}",168,True,active,0.106479,1.97629,0.096193,45.0,105.0,1.79,0.98,1.8,35.0,0.106479,1.634,1.61,
exp13_arch,ballspeed7__noplot__servebox,"{""--ball-speed"": 7, ""--no-plot"": null, ""--serve-box"": null}",169,True,active,0.111549,1.958271,0.083188,45.0,105.0,1.79,1.0,1.5,30.0,0.111549,1.497,1.56,
exp13_arch,ballspeed7__noplot__servebox,"{""--ball-speed"": 7, ""--no-plot"": null, ""--serve-box"": null}",157,True,active,0.099241,2.004585,0.099241,40.0,105.0,1.8,0.98,2.0,30.0,0.099241,1.8,3.13,
exp13_arch,ballspeed7__noplot__servebox,"{""--ball-speed"": 7, ""--no-plot"": null, ""--serve-box"": null}",170,True,active,0.083985,1.940718,0.057633,50.0,105.0,1.79,0.99,1.6,30.0,0.083985,1.775,1.49,
exp13_arch,ballspeed7__noplot__servebox,"{""--ball-speed"": 7, ""--no-plot"": null, ""--serve-box"": null}",171,True,active,0.105707,1.975871,0.10462,45.0,105.0,1.6,1.0,1.6,15.0,0.105707,0.967,1.54,
exp13_arch,ballspeed7__noplot__servebox,"{""--ball-speed"": 7, ""--no-plot"": null, ""--serve-box"": null}",158,True,active,0.117133,1.999794,0.115248,45.0,105.0,1.42,1.0,1.3,20.0,0.117133,0.877,3.15,
exp13_arch,ballspeed7__noplot__servebox,"{""--ball-speed"": 7, ""--no-plot"": null, ""--serve-box"": null}",173,True,active,0.085415,1.989903,0.085415,40.0,105.0,1.78,0.97,1.7,30.0,0.085415,1.328,1.54,
exp13_arch,ballspeed7__noplot__servebox,"{""--ball-speed"": 7, ""--no-plot"": null, ""--serve-box"": null}",174,True,active,0.094216,1.971743,0.094216,40.0,105.0,1.81,1.0,1.7,25.0,0.094216,1.735,1.6,
exp13_arch,ballspeed7__noplot__servebox,"{""--ball-speed"": 7, ""--no-plot"": null, ""--serve-box"": null}",172,True,active,0.099057,1.999972,0.09734,40.0,105.0,1.81,0.99,2.0,35.0,0.099057,1.412,2.1,
exp13_arch,ballspeed7__noplot__servebox,"{""--ball-speed"": 7, ""--no-plot"": null, ""--serve-box"": null}",176,True,active,0.096946,1.984332,0.095547,50.0,105.0,1.78,0.98,1.7,30.0,0.096946,0.918,1.65,
exp13_arch,ballspeed7__noplot__servebox,"{""--ball-speed"": 7, ""--no-plot"": null, ""--serve-box"": null}",166,True,active,0.089628,1.98051,0.089628,45.0,105.0,1.77,0.99,1.8,25.0,0.089628,1.769,2.95,
exp13_arch,ballspeed7__noplot__servebox,"{""--ball-speed"": 7, ""--no-plot"": null, ""--serve-box"": null}",164,True,active,0.129923,1.978583,0.111476,5.0,55.0,1.8,1.0,1.7,30.0,0.129923,1.802,3.15,
exp13_arch,ballspeed7__noplot__servebox,"{""--ball-speed"": 7, ""--no-plot"": null, ""--serve-box"": null}",178,True,active,0.120457,1.960149,0.10949,40.0,85.0,1.81,1.0,1.5,25.0,0.120457,1.751,1.77,
exp13_arch,ballspeed7__noplot__servebox,"{""--ball-speed"": 7, ""--no-plot"": null, ""--serve-box"": null}",181,False,miss,0.457719,1.932673,0.1856,0.0,0.0,1.77,0.99,1.9,0.0,0.457719,0.0,1.55,
exp13_arch,ballspeed7__noplot__servebox,"{""--ball-speed"": 7, ""--no-plot"": null, ""--serve-box"": null}",182,True,active,0.097356,1.970898,0.090975,45.0,105.0,1.79,0.97,1.7,15.0,0.097356,1.441,1.53,
exp13_arch,ballspeed7__noplot__servebox,"{""--ball-speed"": 7, ""--no-plot"": null, ""--serve-box"": null}",183,True,active,0.094528,1.988658,0.078323,0.0,0.0,1.79,1.0,1.6,20.0,0.094528,1.6,1.52,
exp13_arch,ballspeed7__noplot__servebox,"{""--ball-speed"": 7, ""--no-plot"": null, ""--serve-box"": null}",184,True,active,0.07446,1.970587,0.071305,60.0,105.0,1.61,1.0,1.4,25.0,0.07446,1.3,1.55,
exp13_arch,ballspeed7__noplot__servebox,"{""--ball-speed"": 7, ""--no-plot"": null, ""--serve-box"": null}",175,True,active,0.056649,1.975233,0.033062,0.0,30.0,1.8,0.94,1.7,30.0,0.056649,1.761,2.88,
exp13_arch,ballspeed7__noplot__servebox,"{""--ball-speed"": 7, ""--no-plot"": null, ""--serve-box"": null}",177,False,miss,0.446036,1.934055,0.180663,5.0,0.0,1.79,0.99,1.7,0.0,0.446036,0.0,2.54,
exp13_arch,ballspeed7__noplot__servebox,"{""--ball-speed"": 7, ""--no-plot"": null, ""--serve-box"": null}",180,True,active,0.117467,1.967899,0.103455,0.0,0.0,1.8,0.99,1.9,30.0,0.117467,1.686,2.12,
exp13_arch,ballspeed7__noplot__servebox,"{""--ball-speed"": 7, ""--no-plot"": null, ""--serve-box"": null}",185,True,active,0.132009,1.941008,0.130556,45.0,70.0,1.46,0.99,1.5,15.0,0.132009,0.924,1.79,
exp13_arch,ballspeed7__noplot__servebox,"{""--ball-speed"": 7, ""--no-plot"": null, ""--serve-box"": null}",188,True,active,0.09592,1.982352,0.095493,50.0,105.0,1.7,1.0,1.7,15.0,0.09592,1.434,1.59,
exp13_arch,ballspeed7__noplot__servebox,"{""--ball-speed"": 7, ""--no-plot"": null, ""--serve-box"": null}",179,True,active,0.12144,1.97688,0.12144,35.0,105.0,1.8,0.96,2.1,35.0,0.12144,1.728,2.98,
exp13_arch,ballspeed7__noplot__servebox,"{""--ball-speed"": 7, ""--no-plot"": null, ""--serve-box"": null}",190,True,active,0.085681,1.918284,0.085681,40.0,100.0,1.76,1.0,1.7,35.0,0.085681,0.883,1.61,
exp13_arch,ballspeed7__noplot__servebox,"{""--ball-speed"": 7, ""--no-plot"": null, ""--serve-box"": null}",191,True,active,0.088705,2.0025,0.088705,40.0,105.0,1.79,0.98,1.9,25.0,0.088705,1.769,1.52,
exp13_arch,ballspeed7__noplot__servebox,"{""--ball-speed"": 7, ""--no-plot"": null, ""--serve-box"": null}",192,True,active,0.066179,2.000564,0.06163,45.0,105.0,1.81,0.99,1.7,25.0,0.066179,1.802,1.83,
exp13_arch,ballspeed7__noplot__servebox,"{""--ball-speed"": 7, ""--no-plot"": null, ""--serve-box"": null}",194,True,active,0.073956,1.945259,0.070678,55.0,105.0,1.8,0.96,1.8,30.0,0.073956,1.802,1.52,
exp13_arch,ballspeed7__noplot__positionmode__servebox,"{""--ball-speed"": 7, ""--no-plot"": null, ""--position-mode"": null, ""--serve-box"": null}",2,False,miss,0.439261,1.562116,0.147465,0.0,0.0,1.56,1.0,2.2,0.0,0.439261,0.0,0.86,
exp13_arch,ballspeed7__noplot__servebox,"{""--ball-speed"": 7, ""--no-plot"": null, ""--serve-box"": null}",193,True,active,0.091599,1.970311,0.091599,45.0,105.0,1.8,0.98,1.7,20.0,0.091599,1.613,1.64,
exp13_arch,ballspeed7__noplot__servebox,"{""--ball-speed"": 7, ""--no-plot"": null, ""--serve-box"": null}",187,False,miss,0.336622,1.917327,0.163966,25.0,0.0,1.21,0.99,1.4,0.0,0.336622,0.0,2.85,
exp13_arch,ballspeed7__noplot__servebox,"{""--ball-speed"": 7, ""--no-plot"": null, ""--serve-box"": null}",196,False,miss,0.420266,1.977864,0.155366,25.0,0.0,1.77,1.0,2.0,0.0,0.420266,0.0,1.73,
exp13_arch,ballspeed7__noplot__servebox,"{""--ball-speed"": 7, ""--no-plot"": null, ""--serve-box"": null}",186,True,active,0.094104,2.029213,0.094104,40.0,105.0,1.78,1.0,1.8,30.0,0.094104,1.681,3.17,
exp13_arch,ballspeed7__noplot__servebox,"{""--ball-speed"": 7, ""--no-plot"": null, ""--serve-box"": null}",197,False,miss,0.428994,1.964302,0.159076,20.0,0.0,1.8,0.99,2.0,0.0,0.428994,0.0,1.71,
exp13_arch,ballspeed7__noplot__servebox,"{""--ball-speed"": 7, ""--no-plot"": null, ""--serve-box"": null}",198,True,active,0.10487,1.995277,0.10487,40.0,105.0,1.8,1.0,2.0,20.0,0.10487,1.507,1.66,
exp13_arch,ballspeed7__noplot__servebox,"{""--ball-speed"": 7, ""--no-plot"": null, ""--serve-box"": null}",200,True,active,0.099676,1.98921,0.090527,40.0,100.0,1.8,0.98,1.6,30.0,0.099676,1.704,1.69,
exp13_arch,ballspeed7__noplot__servebox,"{""--ball-speed"": 7, ""--no-plot"": null, ""--serve-box"": null}",189,True,active,0.127452,1.990964,0.121703,40.0,85.0,1.8,0.99,1.8,20.0,0.127452,1.673,2.98,
exp13_arch,ballspeed7__noplot__positionmode__servebox,"{""--ball-speed"": 7, ""--no-plot"": null, ""--position-mode"": null, ""--serve-box"": null}",6,False,miss,0.415092,1.538597,0.220352,0.0,0.0,1.8,1.0,1.4,0.0,0.415092,0.0,0.88,
exp13_arch,ballspeed7__noplot__positionmode__servebox,"{""--ball-speed"": 7, ""--no-plot"": null, ""--position-mode"": null, ""--serve-box"": null}",7,False,miss,0.531588,1.55283,0.143878,0.0,0.0,1.81,1.0,2.5,0.0,0.531588,0.0,0.95,
exp13_arch,ballspeed7__noplot__servebox,"{""--ball-speed"": 7, ""--no-plot"": null, ""--serve-box"": null}",199,True,active,0.074882,1.997239,0.074882,45.0,105.0,1.8,0.98,1.8,25.0,0.074882,1.247,2.17,
exp13_arch,ballspeed7__noplot__positionmode__servebox,"{""--ball-speed"": 7, ""--no-plot"": null, ""--position-mode"": null, ""--serve-box"": null}",8,True,active,0.111589,1.52775,0.088174,0.0,0.0,1.53,1.0,1.9,20.0,0.111589,1.309,0.96,
exp13_arch,ballspeed7__noplot__positionmode__servebox,"{""--ball-speed"": 7, ""--no-plot"": null, ""--position-mode"": null, ""--serve-box"": null}",4,False,miss,0.523218,1.612526,0.119272,0.0,0.0,1.8,1.0,2.5,0.0,0.523218,0.0,1.7,
exp13_arch,ballspeed7__noplot__positionmode__servebox,"{""--ball-speed"": 7, ""--no-plot"": null, ""--position-mode"": null, ""--serve-box"": null}",5,False,miss,0.524596,1.514981,0.169229,0.0,0.0,1.79,1.0,2.4,0.0,0.524596,0.0,1.72,
exp13_arch,ballspeed7__noplot__positionmode__servebox,"{""--ball-speed"": 7, ""--no-plot"": null, ""--position-mode"": null, ""--serve-box"": null}",3,False,miss,0.586656,1.634072,0.188058,0.0,0.0,1.79,1.0,2.3,0.0,0.586656,0.0,1.88,
exp13_arch,ballspeed7__noplot__positionmode__servebox,"{""--ball-speed"": 7, ""--no-plot"": null, ""--position-mode"": null, ""--serve-box"": null}",10,False,miss,0.567262,1.467174,0.342711,0.0,0.0,1.8,0.99,1.6,0.0,0.567262,0.0,1.06,
exp13_arch,ballspeed7__noplot__positionmode__servebox,"{""--ball-speed"": 7, ""--no-plot"": null, ""--position-mode"": null, ""--serve-box"": null}",21,,,,,,,,,,,,,,0.27,no_result
exp13_arch,ballspeed7__noplot__positionmode__servebox,"{""--ball-speed"": 7, ""--no-plot"": null, ""--position-mode"": null, ""--serve-box"": null}",13,False,miss,0.36543,1.359219,0.253985,0.0,0.0,1.8,0.67,1.2,0.0,0.36543,0.0,0.97,
exp13_arch,ballspeed7__noplot__positionmode__servebox,"{""--ball-speed"": 7, ""--no-plot"": null, ""--position-mode"": null, ""--serve-box"": null}",20,,,,,,,,,,,,,,0.35,no_result
exp13_arch,ballspeed7__noplot__positionmode__servebox,"{""--ball-speed"": 7, ""--no-plot"": null, ""--position-mode"": null, ""--serve-box"": null}",12,True,active,0.111236,1.589935,0.111236,0.0,0.0,1.79,1.0,1.9,20.0,0.111236,1.475,1.06,
exp13_arch,ballspeed7__noplot__positionmode__servebox,"{""--ball-speed"": 7, ""--no-plot"": null, ""--position-mode"": null, ""--serve-box"": null}",14,False,miss,0.5782,1.549348,0.354087,0.0,0.0,1.8,1.0,1.8,0.0,0.5782,0.0,1.07,
exp13_arch,ballspeed7__noplot__positionmode__servebox,"{""--ball-speed"": 7, ""--no-plot"": null, ""--position-mode"": null, ""--serve-box"": null}",15,False,miss,0.154858,1.867916,0.183957,0.0,0.0,1.68,0.99,1.5,0.0,0.154858,0.0,0.97,
exp13_arch,ballspeed7__noplot__servebox,"{""--ball-speed"": 7, ""--no-plot"": null, ""--serve-box"": null}",195,True,active,0.142889,1.936393,0.132723,45.0,65.0,1.76,0.98,1.7,25.0,0.142889,0.943,3.05,
exp13_arch,ballspeed7__noplot__positionmode__servebox,"{""--ball-speed"": 7, ""--no-plot"": null, ""--position-mode"": null, ""--serve-box"": null}",16,True,active,0.100979,1.618473,0.096031,0.0,0.0,1.8,0.99,2.3,40.0,0.100979,1.675,1.02,
exp13_arch,ballspeed7__noplot__positionmode__servebox,"{""--ball-speed"": 7, ""--no-plot"": null, ""--position-mode"": null, ""--serve-box"": null}",27,,,,,,,,,,,,,,0.31,no_result
exp13_arch,ballspeed7__noplot__positionmode__servebox,"{""--ball-speed"": 7, ""--no-plot"": null, ""--position-mode"": null, ""--serve-box"": null}",11,True,active,0.112625,1.644091,0.112625,0.0,0.0,1.8,0.99,2.1,40.0,0.112625,1.566,1.41,
exp13_arch,ballspeed7__noplot__positionmode__servebox,"{""--ball-speed"": 7, ""--no-plot"": null, ""--position-mode"": null, ""--serve-box"": null}",9,False,miss,0.51578,1.551354,0.352117,0.0,0.0,1.8,0.99,1.5,0.0,0.51578,0.0,1.81,
exp13_arch,ballspeed7__noplot__positionmode__servebox,"{""--ball-speed"": 7, ""--no-plot"": null, ""--position-mode"": null, ""--serve-box"": null}",18,False,miss,0.514053,1.584737,0.130128,0.0,0.0,1.69,1.0,2.3,0.0,0.514053,0.0,1.05,
exp13_arch,ballspeed7__noplot__positionmode__servebox,"{""--ball-speed"": 7, ""--no-plot"": null, ""--position-mode"": null, ""--serve-box"": null}",22,False,miss,0.568685,1.603899,0.175533,0.0,0.0,1.79,1.0,2.2,0.0,0.568685,0.0,1.05,
exp13_arch,ballspeed7__noplot__positionmode__servebox,"{""--ball-speed"": 7, ""--no-plot"": null, ""--position-mode"": null, ""--serve-box"": null}",24,False,miss,0.38939,1.487173,0.154248,0.0,0.0,1.79,1.0,1.8,0.0,0.38939,0.0,1.02,
exp13_arch,ballspeed7__noplot__positionmode__servebox,"{""--ball-speed"": 7, ""--no-plot"": null, ""--position-mode"": null, ""--serve-box"": null}",23,False,miss,0.475418,1.62861,0.146373,20.0,10.0,1.75,1.0,2.2,0.0,0.475418,0.0,1.18,
exp13_arch,ballspeed7__noplot__positionmode__servebox,"{""--ball-speed"": 7, ""--no-plot"": null, ""--position-mode"": null, ""--serve-box"": null}",17,False,miss,0.460506,1.502351,0.225086,0.0,0.0,1.8,0.99,1.6,0.0,0.460506,0.0,1.72,
exp13_arch,ballspeed7__noplot__positionmode__servebox,"{""--ball-speed"": 7, ""--no-plot"": null, ""--position-mode"": null, ""--serve-box"": null}",26,False,miss,0.605083,1.65067,0.197613,0.0,0.0,1.8,1.0,2.2,0.0,0.605083,0.0,1.13,
exp13_arch,ballspeed7__noplot__positionmode__servebox,"{""--ball-speed"": 7, ""--no-plot"": null, ""--position-mode"": null, ""--serve-box"": null}",30,False,miss,0.506177,1.530027,0.365393,0.0,0.0,1.8,0.99,1.4,0.0,0.506177,0.0,1.05,
exp13_arch,ballspeed7__noplot__positionmode__servebox,"{""--ball-speed"": 7, ""--no-plot"": null, ""--position-mode"": null, ""--serve-box"": null}",19,False,miss,0.510161,1.442947,0.369008,0.0,0.0,1.8,0.98,1.3,0.0,0.510161,0.0,1.61,
exp13_arch,ballspeed7__noplot__positionmode__servebox,"{""--ball-speed"": 7, ""--no-plot"": null, ""--position-mode"": null, ""--serve-box"": null}",33,False,miss,0.529713,1.522674,0.367297,0.0,0.0,1.79,1.0,1.4,0.0,0.529713,0.0,1.03,
exp13_arch,ballspeed7__noplot__positionmode__servebox,"{""--ball-speed"": 7, ""--no-plot"": null, ""--position-mode"": null, ""--serve-box"": null}",29,True,active,0.126911,1.519506,0.119409,0.0,0.0,1.79,1.0,2.1,40.0,0.126911,1.543,1.28,
exp13_arch,ballspeed7__noplot__positionmode__servebox,"{""--ball-speed"": 7, ""--no-plot"": null, ""--position-mode"": null, ""--serve-box"": null}",34,True,active,0.135527,1.693017,0.129849,0.0,0.0,1.79,1.0,2.2,25.0,0.135527,1.647,1.17,
exp13_arch,ballspeed7__noplot__positionmode__servebox,"{""--ball-speed"": 7, ""--no-plot"": null, ""--position-mode"": null, ""--serve-box"": null}",32,False,miss,0.336696,2.150457,0.864005,0.0,0.0,1.79,1.0,1.6,0.0,0.336696,0.0,1.26,
exp13_arch,ballspeed7__noplot__positionmode__servebox,"{""--ball-speed"": 7, ""--no-plot"": null, ""--position-mode"": null, ""--serve-box"": null}",35,False,miss,0.255825,1.073526,0.324834,0.0,0.0,1.99,1.0,1.6,0.0,0.255825,0.0,1.08,
exp13_arch,ballspeed7__noplot__positionmode__servebox,"{""--ball-speed"": 7, ""--no-plot"": null, ""--position-mode"": null, ""--serve-box"": null}",37,False,miss,0.539603,1.596721,0.160745,0.0,0.0,1.81,1.0,2.3,0.0,0.539603,0.0,0.97,
exp13_arch,ballspeed7__noplot__positionmode__servebox,"{""--ball-speed"": 7, ""--no-plot"": null, ""--position-mode"": null, ""--serve-box"": null}",28,True,active,0.118619,1.597407,0.118619,0.0,0.0,1.78,1.0,2.2,35.0,0.118619,1.272,1.77,
exp13_arch,ballspeed7__noplot__positionmode__servebox,"{""--ball-speed"": 7, ""--no-plot"": null, ""--position-mode"": null, ""--serve-box"": null}",25,True,active,0.128364,1.558508,0.12185,0.0,0.0,1.81,0.99,2.3,35.0,0.128364,1.655,1.9,
exp13_arch,ballspeed7__noplot__positionmode__servebox,"{""--ball-speed"": 7, ""--no-plot"": null, ""--position-mode"": null, ""--serve-box"": null}",31,False,miss,0.480555,1.58542,0.228051,0.0,0.0,1.8,1.0,1.6,0.0,0.480555,0.0,1.83,
exp13_arch,ballspeed7__noplot__positionmode__servebox,"{""--ball-speed"": 7, ""--no-plot"": null, ""--position-mode"": null, ""--serve-box"": null}",39,True,active,0.103001,1.42087,0.097114,0.0,0.0,1.76,1.0,2.3,30.0,0.103001,1.727,1.04,
exp13_arch,ballspeed7__noplot__positionmode__servebox,"{""--ball-speed"": 7, ""--no-plot"": null, ""--position-mode"": null, ""--serve-box"": null}",41,False,miss,0.530643,1.601475,0.264679,0.0,0.0,1.8,1.0,1.7,0.0,0.530643,0.0,0.97,
exp13_arch,ballspeed7__noplot__positionmode__servebox,"{""--ball-speed"": 7, ""--no-plot"": null, ""--position-mode"": null, ""--serve-box"": null}",40,False,miss,0.525743,1.55037,0.332414,0.0,0.0,1.8,0.99,1.7,0.0,0.525743,0.0,0.99,
exp13_arch,ballspeed7__noplot__positionmode__servebox,"{""--ball-speed"": 7, ""--no-plot"": null, ""--position-mode"": null, ""--serve-box"": null}",43,False,miss,0.539205,1.528925,0.182066,0.0,0.0,1.71,1.0,2.1,0.0,0.539205,0.0,1.13,
exp13_arch,ballspeed7__noplot__positionmode__servebox,"{""--ball-speed"": 7, ""--no-plot"": null, ""--position-mode"": null, ""--serve-box"": null}",44,True,active,0.12269,1.577491,0.12269,0.0,0.0,1.76,1.0,2.3,40.0,0.12269,1.512,0.99,
exp13_arch,ballspeed7__noplot__positionmode__servebox,"{""--ball-speed"": 7, ""--no-plot"": null, ""--position-mode"": null, ""--serve-box"": null}",46,True,active,0.126246,1.265795,0.112521,0.0,0.0,1.79,1.0,2.3,30.0,0.126246,1.661,0.85,
exp13_arch,ballspeed7__noplot__positionmode__servebox,"{""--ball-speed"": 7, ""--no-plot"": null, ""--position-mode"": null, ""--serve-box"": null}",36,True,active,0.081372,1.606016,0.081372,0.0,0.0,1.64,1.0,2.3,25.0,0.081372,1.257,1.79,
exp13_arch,ballspeed7__noplot__positionmode__servebox,"{""--ball-speed"": 7, ""--no-plot"": null, ""--position-mode"": null, ""--serve-box"": null}",45,False,miss,0.569215,1.449544,0.333459,0.0,0.0,1.8,1.0,1.6,0.0,0.569215,0.0,1.16,
exp13_arch,ballspeed7__noplot__positionmode__servebox,"{""--ball-speed"": 7, ""--no-plot"": null, ""--position-mode"": null, ""--serve-box"": null}",47,False,miss,0.38496,1.412199,0.236655,0.0,0.0,2.08,0.99,1.9,0.0,0.38496,0.0,1.07,
exp13_arch,ballspeed7__noplot__positionmode__servebox,"{""--ball-speed"": 7, ""--no-plot"": null, ""--position-mode"": null, ""--serve-box"": null}",38,False,miss,0.580977,1.657612,0.155547,0.0,0.0,1.8,0.99,2.6,0.0,0.580977,0.0,1.79,
exp13_arch,ballspeed7__noplot__positionmode__servebox,"{""--ball-speed"": 7, ""--no-plot"": null, ""--position-mode"": null, ""--serve-box"": null}",51,False,miss,0.517439,1.610773,0.14016,0.0,0.0,1.78,1.0,2.4,0.0,0.517439,0.0,1.05,
exp13_arch,ballspeed7__noplot__positionmode__servebox,"{""--ball-speed"": 7, ""--no-plot"": null, ""--position-mode"": null, ""--serve-box"": null}",49,False,miss,0.443676,1.528111,0.232313,0.0,0.0,1.8,1.0,1.5,0.0,0.443676,0.0,1.21,
exp13_arch,ballspeed7__noplot__positionmode__servebox,"{""--ball-speed"": 7, ""--no-plot"": null, ""--position-mode"": null, ""--serve-box"": null}",52,False,miss,0.528018,1.404051,0.347793,0.0,0.0,1.8,1.0,1.4,0.0,0.528018,0.0,0.96,
exp13_arch,ballspeed7__noplot__positionmode__servebox,"{""--ball-speed"": 7, ""--no-plot"": null, ""--position-mode"": null, ""--serve-box"": null}",54,False,miss,0.42818,1.328198,0.297255,0.0,0.0,1.79,0.82,1.3,0.0,0.42818,0.0,0.91,
exp13_arch,ballspeed7__noplot__positionmode__servebox,"{""--ball-speed"": 7, ""--no-plot"": null, ""--position-mode"": null, ""--serve-box"": null}",42,True,active,0.149509,1.552408,0.149509,0.0,0.0,1.8,1.0,2.2,40.0,0.149509,1.659,1.87,
exp13_arch,ballspeed7__noplot__positionmode__servebox,"{""--ball-speed"": 7, ""--no-plot"": null, ""--position-mode"": null, ""--serve-box"": null}",53,False,miss,0.551855,1.585735,0.147682,0.0,0.0,1.8,1.0,2.2,0.0,0.551855,0.0,1.02,
exp13_arch,ballspeed7__noplot__positionmode__servebox,"{""--ball-speed"": 7, ""--no-plot"": null, ""--position-mode"": null, ""--serve-box"": null}",56,False,miss,0.53781,1.515633,0.215633,0.0,0.0,1.8,0.99,1.8,0.0,0.53781,0.0,0.91,
exp13_arch,ballspeed7__noplot__positionmode__servebox,"{""--ball-speed"": 7, ""--no-plot"": null, ""--position-mode"": null, ""--serve-box"": null}",55,False,miss,0.533688,1.451476,0.331249,0.0,0.0,1.8,0.99,1.7,0.0,0.533688,0.0,1.21,
exp13_arch,ballspeed7__noplot__positionmode__servebox,"{""--ball-speed"": 7, ""--no-plot"": null, ""--position-mode"": null, ""--serve-box"": null}",57,False,miss,0.457778,1.622859,0.236609,0.0,0.0,1.76,1.0,2.2,0.0,0.457778,0.0,1.15,
exp13_arch,ballspeed7__noplot__positionmode__servebox,"{""--ball-speed"": 7, ""--no-plot"": null, ""--position-mode"": null, ""--serve-box"": null}",61,False,miss,0.5508,1.643726,0.135465,10.0,10.0,1.8,1.0,2.5,0.0,0.5508,0.0,0.95,
exp13_arch,ballspeed7__noplot__positionmode__servebox,"{""--ball-speed"": 7, ""--no-plot"": null, ""--position-mode"": null, ""--serve-box"": null}",48,False,miss,0.643222,1.636235,0.313059,0.0,0.0,1.89,1.0,1.6,0.0,0.643222,0.0,1.95,
exp13_arch,ballspeed7__noplot__positionmode__servebox,"{""--ball-speed"": 7, ""--no-plot"": null, ""--position-mode"": null, ""--serve-box"": null}",50,False,miss,0.602403,1.628157,0.212575,0.0,0.0,1.8,1.0,2.1,0.0,0.602403,0.0,1.86,
exp13_arch,ballspeed7__noplot__positionmode__servebox,"{""--ball-speed"": 7, ""--no-plot"": null, ""--position-mode"": null, ""--serve-box"": null}",60,False,miss,0.566351,1.626505,0.168302,5.0,0.0,1.8,1.0,2.3,0.0,0.566351,0.0,1.23,
exp13_arch,ballspeed7__noplot__positionmode__servebox,"{""--ball-speed"": 7, ""--no-plot"": null, ""--position-mode"": null, ""--serve-box"": null}",62,False,miss,0.603582,1.588674,0.339549,0.0,0.0,1.86,1.0,1.7,0.0,0.603582,0.0,1.07,
exp13_arch,ballspeed7__noplot__positionmode__servebox,"{""--ball-speed"": 7, ""--no-plot"": null, ""--position-mode"": null, ""--serve-box"": null}",63,False,miss,0.423872,1.487915,0.143352,0.0,0.0,1.56,1.0,1.8,0.0,0.423872,0.0,1.07,
exp13_arch,ballspeed7__noplot__positionmode__servebox,"{""--ball-speed"": 7, ""--no-plot"": null, ""--position-mode"": null, ""--serve-box"": null}",64,True,active,0.136909,1.698681,0.130426,35.0,45.0,1.78,1.0,1.7,25.0,0.136909,1.747,1.07,
exp13_arch,ballspeed7__noplot__positionmode__servebox,"{""--ball-speed"": 7, ""--no-plot"": null, ""--position-mode"": null, ""--serve-box"": null}",65,False,miss,0.591325,1.551452,0.348143,0.0,0.0,1.8,1.0,1.7,0.0,0.591325,0.0,1.09,
exp13_arch,ballspeed7__noplot__positionmode__servebox,"{""--ball-speed"": 7, ""--no-plot"": null, ""--position-mode"": null, ""--serve-box"": null}",67,True,active,0.088463,1.457889,0.086995,0.0,0.0,1.08,1.0,1.5,20.0,0.088463,0.978,1.12,
exp13_arch,ballspeed7__noplot__positionmode__servebox,"{""--ball-speed"": 7, ""--no-plot"": null, ""--position-mode"": null, ""--serve-box"": null}",59,False,miss,0.347138,1.335924,0.242687,0.0,0.0,1.79,0.81,1.2,0.0,0.347138,0.0,1.75,
exp13_arch,ballspeed7__noplot__positionmode__servebox,"{""--ball-speed"": 7, ""--no-plot"": null, ""--position-mode"": null, ""--serve-box"": null}",58,False,miss,0.434498,1.377915,0.298874,0.0,0.0,1.8,0.82,1.3,0.0,0.434498,0.0,1.84,
exp13_arch,ballspeed7__noplot__positionmode__servebox,"{""--ball-speed"": 7, ""--no-plot"": null, ""--position-mode"": null, ""--serve-box"": null}",68,False,miss,0.57944,1.500501,0.238657,0.0,0.0,1.79,1.0,1.8,0.0,0.57944,0.0,1.15,
exp13_arch,ballspeed7__noplot__positionmode__servebox,"{""--ball-speed"": 7, ""--no-plot"": null, ""--position-mode"": null, ""--serve-box"": null}",69,True,active,0.113294,1.623596,0.112869,0.0,0.0,1.54,1.0,2.4,35.0,0.113294,1.435,1.05,
exp13_arch,ballspeed7__noplot__positionmode__servebox,"{""--ball-speed"": 7, ""--no-plot"": null, ""--position-mode"": null, ""--serve-box"": null}",70,False,miss,0.537852,1.672276,0.227432,0.0,0.0,1.85,1.0,1.6,0.0,0.537852,0.0,1.33,
exp13_arch,ballspeed7__noplot__positionmode__servebox,"{""--ball-speed"": 7, ""--no-plot"": null, ""--position-mode"": null, ""--serve-box"": null}",73,False,miss,0.549554,1.46966,0.277698,0.0,0.0,1.8,0.99,1.7,0.0,0.549554,0.0,1.1,
exp13_arch,ballspeed7__noplot__positionmode__servebox,"{""--ball-speed"": 7, ""--no-plot"": null, ""--position-mode"": null, ""--serve-box"": null}",74,False,miss,0.537944,1.637696,0.130739,0.0,0.0,1.79,1.0,2.4,0.0,0.537944,0.0,1.05,
exp13_arch,ballspeed7__noplot__positionmode__servebox,"{""--ball-speed"": 7, ""--no-plot"": null, ""--position-mode"": null, ""--serve-box"": null}",76,False,miss,0.557718,1.635108,0.161967,0.0,0.0,1.8,1.0,2.3,0.0,0.557718,0.0,1.07,
exp13_arch,ballspeed7__noplot__positionmode__servebox,"{""--ball-speed"": 7, ""--no-plot"": null, ""--position-mode"": null, ""--serve-box"": null}",66,False,miss,0.559672,1.421266,0.34037,0.0,0.0,1.79,1.0,1.6,0.0,0.559672,0.0,1.89,
exp13_arch,ballspeed7__noplot__positionmode__servebox,"{""--ball-speed"": 7, ""--no-plot"": null, ""--position-mode"": null, ""--serve-box"": null}",78,False,miss,0.443772,1.607775,0.172834,0.0,0.0,1.7,0.99,2.1,0.0,0.443772,0.0,1.12,
exp13_arch,ballspeed7__noplot__positionmode__servebox,"{""--ball-speed"": 7, ""--no-plot"": null, ""--position-mode"": null, ""--serve-box"": null}",79,False,miss,0.41132,1.346437,0.279135,0.0,0.0,1.8,0.8,1.2,0.0,0.41132,0.0,1.09,
exp13_arch,ballspeed7__noplot__positionmode__servebox,"{""--ball-speed"": 7, ""--no-plot"": null, ""--position-mode"": null, ""--serve-box"": null}",84,False,miss,0.576809,1.640531,0.212364,0.0,0.0,1.8,1.0,2.5,0.0,0.576809,0.0,1.0,
exp13_arch,ballspeed7__noplot__positionmode__servebox,"{""--ball-speed"": 7, ""--no-plot"": null, ""--position-mode"": null, ""--serve-box"": null}",82,False,miss,0.555059,1.643388,0.144264,30.0,30.0,1.8,0.99,2.2,0.0,0.555059,0.0,1.11,
exp13_arch,ballspeed7__noplot__positionmode__servebox,"{""--ball-speed"": 7, ""--no-plot"": null, ""--position-mode"": null, ""--serve-box"": null}",80,False,miss,0.446779,1.57974,0.227747,0.0,0.0,1.79,1.0,1.7,0.0,0.446779,0.0,1.19,
exp13_arch,ballspeed7__noplot__positionmode__servebox,"{""--ball-speed"": 7, ""--no-plot"": null, ""--position-mode"": null, ""--serve-box"": null}",81,False,miss,0.535725,1.671315,0.22226,0.0,0.0,1.87,1.0,1.7,0.0,0.535725,0.0,1.26,
exp13_arch,ballspeed7__noplot__positionmode__servebox,"{""--ball-speed"": 7, ""--no-plot"": null, ""--position-mode"": null, ""--serve-box"": null}",75,True,active,0.124104,1.456655,0.121443,0.0,0.0,1.75,1.0,2.5,35.0,0.124104,1.269,1.66,
exp13_arch,ballspeed7__noplot__positionmode__servebox,"{""--ball-speed"": 7, ""--no-plot"": null, ""--position-mode"": null, ""--serve-box"": null}",71,False,miss,0.370142,1.332647,0.255967,0.0,0.0,1.79,0.66,1.2,0.0,0.370142,0.0,1.95,
exp13_arch,ballspeed7__noplot__positionmode__servebox,"{""--ball-speed"": 7, ""--no-plot"": null, ""--position-mode"": null, ""--serve-box"": null}",85,False,miss,0.456777,1.366992,0.330345,0.0,0.0,1.79,0.8,1.4,0.0,0.456777,0.0,0.95,
exp13_arch,ballspeed7__noplot__positionmode__servebox,"{""--ball-speed"": 7, ""--no-plot"": null, ""--position-mode"": null, ""--serve-box"": null}",72,False,miss,0.495843,1.495289,0.334505,0.0,0.0,1.89,1.0,1.7,0.0,0.495843,0.0,2.09,
exp13_arch,ballspeed7__noplot__positionmode__servebox,"{""--ball-speed"": 7, ""--no-plot"": null, ""--position-mode"": null, ""--serve-box"": null}",86,True,active,0.115275,1.544889,0.087939,0.0,0.0,1.74,1.0,2.2,15.0,0.115275,1.668,1.0,
exp13_arch,ballspeed7__noplot__positionmode__servebox,"{""--ball-speed"": 7, ""--no-plot"": null, ""--position-mode"": null, ""--serve-box"": null}",77,False,miss,0.344034,1.442221,0.199357,0.0,0.0,1.51,1.0,1.7,0.0,0.344034,0.0,1.9,
exp13_arch,ballspeed7__noplot__positionmode__servebox,"{""--ball-speed"": 7, ""--no-plot"": null, ""--position-mode"": null, ""--serve-box"": null}",88,False,miss,0.467627,1.563043,0.226124,0.0,0.0,1.8,1.0,1.5,0.0,0.467627,0.0,1.05,
exp13_arch,ballspeed7__noplot__positionmode__servebox,"{""--ball-speed"": 7, ""--no-plot"": null, ""--position-mode"": null, ""--serve-box"": null}",89,False,miss,0.364242,1.52965,0.113326,0.0,0.0,1.79,0.99,2.1,0.0,0.364242,0.0,1.09,
exp13_arch,ballspeed7__noplot__positionmode__servebox,"{""--ball-speed"": 7, ""--no-plot"": null, ""--position-mode"": null, ""--serve-box"": null}",83,False,miss,0.45972,1.539224,0.228384,0.0,0.0,1.8,1.0,1.5,0.0,0.45972,0.0,1.78,
exp13_arch,ballspeed7__noplot__positionmode__servebox,"{""--ball-speed"": 7, ""--no-plot"": null, ""--position-mode"": null, ""--serve-box"": null}",87,False,miss,0.497393,1.437012,0.372956,0.0,0.0,1.8,0.85,1.3,0.0,0.497393,0.0,1.31,
exp13_arch,ballspeed7__noplot__positionmode__servebox,"{""--ball-speed"": 7, ""--no-plot"": null, ""--position-mode"": null, ""--serve-box"": null}",91,False,miss,0.438708,1.514041,0.21549,0.0,0.0,1.8,1.0,1.5,0.0,0.438708,0.0,1.06,
exp13_arch,ballspeed7__noplot__positionmode__servebox,"{""--ball-speed"": 7, ""--no-plot"": null, ""--position-mode"": null, ""--serve-box"": null}",94,True,active,0.099518,1.535048,0.099518,0.0,0.0,1.78,1.0,2.3,30.0,0.099518,1.611,1.02,
exp13_arch,ballspeed7__noplot__positionmode__servebox,"{""--ball-speed"": 7, ""--no-plot"": null, ""--position-mode"": null, ""--serve-box"": null}",93,False,miss,0.408448,1.538283,0.227172,0.0,0.0,1.8,0.99,1.5,0.0,0.408448,0.0,1.07,
exp13_arch,ballspeed7__noplot__positionmode__servebox,"{""--ball-speed"": 7, ""--no-plot"": null, ""--position-mode"": null, ""--serve-box"": null}",90,False,miss,0.427814,1.522584,0.231444,0.0,0.0,1.78,1.0,1.5,0.0,0.427814,0.0,1.34,
exp13_arch,ballspeed7__noplot__positionmode__servebox,"{""--ball-speed"": 7, ""--no-plot"": null, ""--position-mode"": null, ""--serve-box"": null}",98,False,miss,0.431038,1.471834,0.114377,0.0,0.0,1.8,1.0,1.9,0.0,0.431038,0.0,0.92,
exp13_arch,ballspeed7__noplot__positionmode__servebox,"{""--ball-speed"": 7, ""--no-plot"": null, ""--position-mode"": null, ""--serve-box"": null}",97,True,active,0.115095,1.620547,0.115095,0.0,0.0,1.8,1.0,2.0,40.0,0.115095,1.385,1.08,
exp13_arch,ballspeed7__noplot__positionmode__servebox,"{""--ball-speed"": 7, ""--no-plot"": null, ""--position-mode"": null, ""--serve-box"": null}",99,False,miss,0.646475,1.598657,0.338201,0.0,0.0,1.79,1.0,1.6,0.0,0.646475,0.0,1.0,
exp13_arch,ballspeed7__noplot__positionmode__servebox,"{""--ball-speed"": 7, ""--no-plot"": null, ""--position-mode"": null, ""--serve-box"": null}",101,False,miss,0.508716,1.577165,0.139031,0.0,0.0,1.77,1.0,2.6,0.0,0.508716,0.0,0.96,
exp13_arch,ballspeed7__noplot__positionmode__servebox,"{""--ball-speed"": 7, ""--no-plot"": null, ""--position-mode"": null, ""--serve-box"": null}",102,False,miss,0.552183,1.574055,0.368903,0.0,0.0,1.8,0.99,1.6,0.0,0.552183,0.0,1.06,
exp13_arch,ballspeed7__noplot__positionmode__servebox,"{""--ball-speed"": 7, ""--no-plot"": null, ""--position-mode"": null, ""--serve-box"": null}",92,True,active,0.069923,1.63024,0.069923,0.0,0.0,1.81,1.0,2.2,35.0,0.069923,1.545,1.73,
exp13_arch,ballspeed7__noplot__positionmode__servebox,"{""--ball-speed"": 7, ""--no-plot"": null, ""--position-mode"": null, ""--serve-box"": null}",104,True,active,0.115727,1.683951,0.115727,35.0,70.0,1.8,1.0,2.0,25.0,0.115727,1.597,1.13,
exp13_arch,ballspeed7__noplot__positionmode__servebox,"{""--ball-speed"": 7, ""--no-plot"": null, ""--position-mode"": null, ""--serve-box"": null}",95,True,active,0.118296,1.567691,0.118296,0.0,0.0,1.8,1.0,1.9,25.0,0.118296,1.657,1.83,
exp13_arch,ballspeed7__noplot__positionmode__servebox,"{""--ball-speed"": 7, ""--no-plot"": null, ""--position-mode"": null, ""--serve-box"": null}",107,True,active,0.117037,1.566348,0.117037,0.0,0.0,1.35,1.0,2.2,35.0,0.117037,1.095,0.89,
exp13_arch,ballspeed7__noplot__positionmode__servebox,"{""--ball-speed"": 7, ""--no-plot"": null, ""--position-mode"": null, ""--serve-box"": null}",108,True,active,0.124398,1.513458,0.124398,0.0,0.0,1.42,1.0,2.2,35.0,0.124398,0.913,0.95,
exp13_arch,ballspeed7__noplot__positionmode__servebox,"{""--ball-speed"": 7, ""--no-plot"": null, ""--position-mode"": null, ""--serve-box"": null}",96,True,active,0.103239,1.703323,0.100027,40.0,70.0,1.79,1.0,2.0,30.0,0.103239,1.78,1.93,
exp13_arch,ballspeed7__noplot__positionmode__servebox,"{""--ball-speed"": 7, ""--no-plot"": null, ""--position-mode"": null, ""--serve-box"": null}",100,False,miss,0.51586,1.597449,0.213982,0.0,0.0,1.79,0.99,1.7,0.0,0.51586,0.0,1.76,
exp13_arch,ballspeed7__noplot__positionmode__servebox,"{""--ball-speed"": 7, ""--no-plot"": null, ""--position-mode"": null, ""--serve-box"": null}",109,False,miss,0.564419,1.539486,0.392164,0.0,0.0,1.8,0.99,1.5,0.0,0.564419,0.0,0.97,
exp13_arch,ballspeed7__noplot__positionmode__servebox,"{""--ball-speed"": 7, ""--no-plot"": null, ""--position-mode"": null, ""--serve-box"": null}",110,False,miss,0.561262,1.563166,0.148135,0.0,0.0,1.79,1.0,2.2,0.0,0.561262,0.0,0.99,
exp13_arch,ballspeed7__noplot__positionmode__servebox,"{""--ball-speed"": 7, ""--no-plot"": null, ""--position-mode"": null, ""--serve-box"": null}",105,False,miss,0.407182,1.644504,0.174689,0.0,0.0,1.78,1.0,2.1,0.0,0.407182,0.0,1.49,
exp13_arch,ballspeed7__noplot__positionmode__servebox,"{""--ball-speed"": 7, ""--no-plot"": null, ""--position-mode"": null, ""--serve-box"": null}",106,False,miss,0.484577,1.315256,0.369244,0.0,0.0,1.8,0.98,1.4,0.0,0.484577,0.0,1.42,
exp13_arch,ballspeed7__noplot__positionmode__servebox,"{""--ball-speed"": 7, ""--no-plot"": null, ""--position-mode"": null, ""--serve-box"": null}",111,True,active,0.099601,1.651184,0.09915,0.0,0.0,1.74,0.99,2.3,40.0,0.099601,1.618,1.11,
exp13_arch,ballspeed7__noplot__positionmode__servebox,"{""--ball-speed"": 7, ""--no-plot"": null, ""--position-mode"": null, ""--serve-box"": null}",112,False,miss,0.436534,1.363518,0.294809,0.0,0.0,1.8,0.99,1.3,0.0,0.436534,0.0,1.03,
exp13_arch,ballspeed7__noplot__positionmode__servebox,"{""--ball-speed"": 7, ""--no-plot"": null, ""--position-mode"": null, ""--serve-box"": null}",103,False,miss,0.513114,1.630068,0.134482,0.0,0.0,1.78,1.0,2.4,0.0,0.513114,0.0,1.78,
exp13_arch,ballspeed7__noplot__positionmode__servebox,"{""--ball-speed"": 7, ""--no-plot"": null, ""--position-mode"": null, ""--serve-box"": null}",113,True,active,0.119027,1.504662,0.117378,0.0,0.0,1.79,0.99,1.6,35.0,0.119027,1.705,0.99,
exp13_arch,ballspeed7__noplot__positionmode__servebox,"{""--ball-speed"": 7, ""--no-plot"": null, ""--position-mode"": null, ""--serve-box"": null}",114,False,miss,0.309667,1.335456,0.211532,0.0,0.0,1.8,0.67,1.2,0.0,0.309667,0.0,1.09,
exp13_arch,ballspeed7__noplot__positionmode__servebox,"{""--ball-speed"": 7, ""--no-plot"": null, ""--position-mode"": null, ""--serve-box"": null}",115,False,miss,0.448215,1.461624,0.201538,0.0,0.0,1.79,1.0,1.6,0.0,0.448215,0.0,1.21,
exp13_arch,ballspeed7__noplot__positionmode__servebox,"{""--ball-speed"": 7, ""--no-plot"": null, ""--position-mode"": null, ""--serve-box"": null}",119,False,miss,0.353154,1.385777,0.24296,0.0,0.0,1.8,0.94,1.3,0.0,0.353154,0.0,1.02,
exp13_arch,ballspeed7__noplot__positionmode__servebox,"{""--ball-speed"": 7, ""--no-plot"": null, ""--position-mode"": null, ""--serve-box"": null}",121,True,active,0.099214,1.568014,0.08345,0.0,0.0,1.64,1.0,2.0,20.0,0.099214,1.548,1.02,
exp13_arch,ballspeed7__noplot__positionmode__servebox,"{""--ball-speed"": 7, ""--no-plot"": null, ""--position-mode"": null, ""--serve-box"": null}",122,False,miss,0.622919,1.569609,0.364913,0.0,0.0,1.8,1.0,1.7,0.0,0.622919,0.0,1.12,
exp13_arch,ballspeed7__noplot__positionmode__servebox,"{""--ball-speed"": 7, ""--no-plot"": null, ""--position-mode"": null, ""--serve-box"": null}",124,False,miss,0.526798,1.709628,0.153626,25.0,30.0,1.75,0.99,1.8,0.0,0.526798,0.0,1.07,
exp13_arch,ballspeed7__noplot__positionmode__servebox,"{""--ball-speed"": 7, ""--no-plot"": null, ""--position-mode"": null, ""--serve-box"": null}",118,False,miss,0.54603,1.548175,0.378705,0.0,0.0,1.8,1.0,1.4,0.0,0.54603,0.0,1.34,
exp13_arch,ballspeed7__noplot__positionmode__servebox,"{""--ball-speed"": 7, ""--no-plot"": null, ""--position-mode"": null, ""--serve-box"": null}",125,False,miss,0.575589,1.676062,0.181987,5.0,20.0,1.8,1.0,2.4,0.0,0.575589,0.0,1.05,
exp13_arch,ballspeed7__noplot__positionmode__servebox,"{""--ball-speed"": 7, ""--no-plot"": null, ""--position-mode"": null, ""--serve-box"": null}",128,False,miss,0.597513,1.696083,0.150544,30.0,30.0,1.8,1.0,2.3,0.0,0.597513,0.0,1.05,
exp13_arch,ballspeed7__noplot__positionmode__servebox,"{""--ball-speed"": 7, ""--no-plot"": null, ""--position-mode"": null, ""--serve-box"": null}",123,False,miss,0.444333,1.322867,0.287095,0.0,0.0,1.8,0.98,1.3,0.0,0.444333,0.0,1.34,
exp13_arch,ballspeed7__noplot__positionmode__servebox,"{""--ball-speed"": 7, ""--no-plot"": null, ""--position-mode"": null, ""--serve-box"": null}",129,False,miss,0.509168,1.650649,0.224388,0.0,0.0,1.83,1.0,1.7,0.0,0.509168,0.0,1.11,
exp13_arch,ballspeed7__noplot__positionmode__servebox,"{""--ball-speed"": 7, ""--no-plot"": null, ""--position-mode"": null, ""--serve-box"": null}",116,False,miss,0.477305,1.668971,0.155581,25.0,30.0,1.8,1.0,1.9,0.0,0.477305,0.0,1.87,
exp13_arch,ballspeed7__noplot__positionmode__servebox,"{""--ball-speed"": 7, ""--no-plot"": null, ""--position-mode"": null, ""--serve-box"": null}",117,False,miss,0.557602,1.675144,0.167279,20.0,5.0,1.8,1.0,1.9,0.0,0.557602,0.0,1.87,
exp13_arch,ballspeed7__noplot__positionmode__servebox,"{""--ball-speed"": 7, ""--no-plot"": null, ""--position-mode"": null, ""--serve-box"": null}",127,True,active,0.098028,1.634378,0.098028,20.0,40.0,1.8,1.0,2.1,40.0,0.098028,1.641,1.63,
exp13_arch,ballspeed7__noplot__positionmode__servebox,"{""--ball-speed"": 7, ""--no-plot"": null, ""--position-mode"": null, ""--serve-box"": null}",130,True,active,0.10872,1.569875,0.10167,0.0,0.0,1.8,1.0,2.5,45.0,0.10872,1.77,1.26,
exp13_arch,ballspeed7__noplot__positionmode__servebox,"{""--ball-speed"": 7, ""--no-plot"": null, ""--position-mode"": null, ""--serve-box"": null}",120,False,miss,0.484697,1.604637,0.123247,0.0,0.0,1.76,1.0,2.3,0.0,0.484697,0.0,1.94,
exp13_arch,ballspeed7__noplot__positionmode__servebox,"{""--ball-speed"": 7, ""--no-plot"": null, ""--position-mode"": null, ""--serve-box"": null}",131,False,miss,0.4819,1.659812,0.142548,25.0,45.0,1.79,1.0,2.2,0.0,0.4819,0.0,1.1,
exp13_arch,ballspeed7__noplot__positionmode__servebox,"{""--ball-speed"": 7, ""--no-plot"": null, ""--position-mode"": null, ""--serve-box"": null}",132,False,miss,0.523584,1.71445,0.204084,0.0,0.0,1.81,0.99,1.8,0.0,0.523584,0.0,1.18,
exp13_arch,ballspeed7__noplot__positionmode__servebox,"{""--ball-speed"": 7, ""--no-plot"": null, ""--position-mode"": null, ""--serve-box"": null}",135,True,active,0.140111,1.689712,0.098449,0.0,60.0,1.81,0.99,2.1,30.0,0.140111,1.81,0.97,
exp13_arch,ballspeed7__noplot__positionmode__servebox,"{""--ball-speed"": 7, ""--no-plot"": null, ""--position-mode"": null, ""--serve-box"": null}",126,False,miss,0.414921,1.368074,0.177916,0.0,0.0,2.13,1.0,2.3,0.0,0.414921,0.0,1.97,
exp13_arch,ballspeed7__noplot__positionmode__servebox,"{""--ball-speed"": 7, ""--no-plot"": null, ""--position-mode"": null, ""--serve-box"": null}",134,False,miss,0.559323,1.628678,0.172009,0.0,0.0,1.8,1.0,2.4,0.0,0.559323,0.0,1.12,
exp13_arch,ballspeed7__noplot__positionmode__servebox,"{""--ball-speed"": 7, ""--no-plot"": null, ""--position-mode"": null, ""--serve-box"": null}",136,False,miss,0.352442,1.381791,0.242468,0.0,0.0,1.81,1.0,1.7,0.0,0.352442,0.0,1.13,
exp13_arch,ballspeed7__noplot__positionmode__servebox,"{""--ball-speed"": 7, ""--no-plot"": null, ""--position-mode"": null, ""--serve-box"": null}",138,False,miss,0.44709,1.386876,0.330844,0.0,0.0,1.8,0.95,1.4,0.0,0.44709,0.0,1.13,
exp13_arch,ballspeed7__noplot__positionmode__servebox,"{""--ball-speed"": 7, ""--no-plot"": null, ""--position-mode"": null, ""--serve-box"": null}",140,True,active,0.098839,1.608777,0.084089,0.0,0.0,1.73,1.0,2.0,10.0,0.098839,1.727,1.05,
exp13_arch,ballspeed7__noplot__positionmode__servebox,"{""--ball-speed"": 7, ""--no-plot"": null, ""--position-mode"": null, ""--serve-box"": null}",139,False,miss,0.518342,1.465774,0.354037,0.0,0.0,1.84,0.99,1.5,0.0,0.518342,0.0,1.23,
exp13_arch,ballspeed7__noplot__positionmode__servebox,"{""--ball-speed"": 7, ""--no-plot"": null, ""--position-mode"": null, ""--serve-box"": null}",142,False,miss,0.54156,1.435376,0.377517,0.0,0.0,1.79,0.99,1.5,0.0,0.54156,0.0,1.07,
exp13_arch,ballspeed7__noplot__positionmode__servebox,"{""--ball-speed"": 7, ""--no-plot"": null, ""--position-mode"": null, ""--serve-box"": null}",133,False,miss,0.4709,1.615947,0.122685,0.0,0.0,1.63,1.0,2.4,0.0,0.4709,0.0,1.81,
exp13_arch,ballspeed7__noplot__positionmode__servebox,"{""--ball-speed"": 7, ""--no-plot"": null, ""--position-mode"": null, ""--serve-box"": null}",145,False,miss,0.463231,1.634365,0.166532,0.0,0.0,1.8,1.0,1.9,0.0,0.463231,0.0,1.05,
exp13_arch,ballspeed7__noplot__positionmode__servebox,"{""--ball-speed"": 7, ""--no-plot"": null, ""--position-mode"": null, ""--serve-box"": null}",146,False,miss,0.616706,1.516655,0.344878,0.0,0.0,1.8,1.0,1.7,0.0,0.616706,0.0,1.12,
exp13_arch,ballspeed7__noplot__positionmode__servebox,"{""--ball-speed"": 7, ""--no-plot"": null, ""--position-mode"": null, ""--serve-box"": null}",141,False,miss,0.507629,1.43843,0.370263,0.0,0.0,1.85,1.0,1.4,0.0,0.507629,0.0,1.51,
exp13_arch,ballspeed7__noplot__positionmode__servebox,"{""--ball-speed"": 7, ""--no-plot"": null, ""--position-mode"": null, ""--serve-box"": null}",137,False,miss,0.439526,1.340475,0.286324,0.0,0.0,1.89,0.96,1.5,0.0,0.439526,0.0,1.87,
exp13_arch,ballspeed7__noplot__positionmode__servebox,"{""--ball-speed"": 7, ""--no-plot"": null, ""--position-mode"": null, ""--serve-box"": null}",148,False,miss,0.605859,1.44427,0.310524,0.0,0.0,1.88,1.0,1.7,0.0,0.605859,0.0,1.08,
exp13_arch,ballspeed7__noplot__positionmode__servebox,"{""--ball-speed"": 7, ""--no-plot"": null, ""--position-mode"": null, ""--serve-box"": null}",151,False,miss,0.540354,1.649604,0.113702,0.0,0.0,1.78,1.0,2.4,0.0,0.540354,0.0,0.89,
exp13_arch,ballspeed7__noplot__positionmode__servebox,"{""--ball-speed"": 7, ""--no-plot"": null, ""--position-mode"": null, ""--serve-box"": null}",147,False,miss,0.538124,1.626031,0.241952,0.0,0.0,1.85,1.0,1.8,0.0,0.538124,0.0,1.17,
exp13_arch,ballspeed7__noplot__positionmode__servebox,"{""--ball-speed"": 7, ""--no-plot"": null, ""--position-mode"": null, ""--serve-box"": null}",152,True,active,0.113632,1.59695,0.113632,0.0,0.0,1.8,1.0,2.1,30.0,0.113632,1.745,1.04,
exp13_arch,ballspeed7__noplot__positionmode__servebox,"{""--ball-speed"": 7, ""--no-plot"": null, ""--position-mode"": null, ""--serve-box"": null}",154,False,miss,0.507758,1.680319,0.242036,0.0,0.0,1.8,1.0,2.0,0.0,0.507758,0.0,1.01,
exp13_arch,ballspeed7__noplot__positionmode__servebox,"{""--ball-speed"": 7, ""--no-plot"": null, ""--position-mode"": null, ""--serve-box"": null}",144,False,miss,0.605591,1.556366,0.183933,0.0,0.0,1.8,1.0,2.5,0.0,0.605591,0.0,1.81,
exp13_arch,ballspeed7__noplot__positionmode__servebox,"{""--ball-speed"": 7, ""--no-plot"": null, ""--position-mode"": null, ""--serve-box"": null}",150,True,active,0.133583,1.702604,0.126111,30.0,60.0,1.8,0.99,2.0,25.0,0.133583,1.754,1.47,
exp13_arch,ballspeed7__noplot__positionmode__servebox,"{""--ball-speed"": 7, ""--no-plot"": null, ""--position-mode"": null, ""--serve-box"": null}",149,True,active,0.061171,1.67159,0.061171,20.0,70.0,1.75,1.0,1.7,15.0,0.061171,1.753,1.58,
exp13_arch,ballspeed7__noplot__positionmode__servebox,"{""--ball-speed"": 7, ""--no-plot"": null, ""--position-mode"": null, ""--serve-box"": null}",155,False,miss,0.573081,1.545391,0.184579,0.0,0.0,1.8,1.0,2.2,0.0,0.573081,0.0,1.02,
exp13_arch,ballspeed7__noplot__positionmode__servebox,"{""--ball-speed"": 7, ""--no-plot"": null, ""--position-mode"": null, ""--serve-box"": null}",153,False,miss,0.570822,1.640153,0.142838,10.0,15.0,1.77,1.0,2.2,0.0,0.570822,0.0,1.3,
exp13_arch,ballspeed7__noplot__positionmode__servebox,"{""--ball-speed"": 7, ""--no-plot"": null, ""--position-mode"": null, ""--serve-box"": null}",143,False,miss,0.492985,1.729895,0.147991,25.0,35.0,1.8,1.0,2.1,0.0,0.492985,0.0,2.03,
exp13_arch,ballspeed7__noplot__positionmode__servebox,"{""--ball-speed"": 7, ""--no-plot"": null, ""--position-mode"": null, ""--serve-box"": null}",157,False,miss,0.472568,1.531593,0.123323,0.0,0.0,1.79,1.0,2.3,0.0,0.472568,0.0,1.04,
exp13_arch,ballspeed7__noplot__positionmode__servebox,"{""--ball-speed"": 7, ""--no-plot"": null, ""--position-mode"": null, ""--serve-box"": null}",158,False,miss,0.551871,1.730164,0.149404,25.0,30.0,1.8,1.0,2.5,0.0,0.551871,0.0,1.03,
exp13_arch,ballspeed7__noplot__positionmode__servebox,"{""--ball-speed"": 7, ""--no-plot"": null, ""--position-mode"": null, ""--serve-box"": null}",162,False,miss,0.570815,1.520531,0.219193,0.0,0.0,1.8,1.0,2.2,0.0,0.570815,0.0,0.94,
exp13_arch,ballspeed7__noplot__positionmode__servebox,"{""--ball-speed"": 7, ""--no-plot"": null, ""--position-mode"": null, ""--serve-box"": null}",160,False,miss,0.591591,1.571699,0.358407,0.0,0.0,1.8,1.0,1.6,0.0,0.591591,0.0,1.12,
exp13_arch,ballspeed7__noplot__positionmode__servebox,"{""--ball-speed"": 7, ""--no-plot"": null, ""--position-mode"": null, ""--serve-box"": null}",161,False,miss,0.424274,1.538293,0.157024,0.0,0.0,1.77,0.99,2.5,0.0,0.424274,0.0,1.06,
exp13_arch,ballspeed7__noplot__positionmode__servebox,"{""--ball-speed"": 7, ""--no-plot"": null, ""--position-mode"": null, ""--serve-box"": null}",163,False,miss,0.475206,1.649839,0.166741,20.0,20.0,1.79,1.0,2.0,0.0,0.475206,0.0,1.01,
exp13_arch,ballspeed7__noplot__positionmode__servebox,"{""--ball-speed"": 7, ""--no-plot"": null, ""--position-mode"": null, ""--serve-box"": null}",156,False,miss,0.53963,1.662747,0.105492,0.0,0.0,1.8,1.0,2.3,0.0,0.53963,0.0,1.72,
exp13_arch,ballspeed7__noplot__positionmode__servebox,"{""--ball-speed"": 7, ""--no-plot"": null, ""--position-mode"": null, ""--serve-box"": null}",167,False,miss,0.312863,1.178759,0.298708,0.0,0.0,1.79,0.98,1.3,0.0,0.312863,0.0,0.97,
exp13_arch,ballspeed7__noplot__positionmode__servebox,"{""--ball-speed"": 7, ""--no-plot"": null, ""--position-mode"": null, ""--serve-box"": null}",168,False,miss,0.564531,1.568854,0.178467,0.0,0.0,1.8,0.99,2.5,0.0,0.564531,0.0,1.02,
exp13_arch,ballspeed7__noplot__positionmode__servebox,"{""--ball-speed"": 7, ""--no-plot"": null, ""--position-mode"": null, ""--serve-box"": null}",170,True,active,0.125817,1.64466,0.114284,0.0,0.0,1.8,1.0,2.2,35.0,0.125817,1.507,0.99,
exp13_arch,ballspeed7__noplot__positionmode__servebox,"{""--ball-speed"": 7, ""--no-plot"": null, ""--position-mode"": null, ""--serve-box"": null}",171,False,miss,0.560894,1.568049,0.360128,0.0,0.0,1.79,0.97,1.4,0.0,0.560894,0.0,0.98,
exp13_arch,ballspeed7__noplot__positionmode__servebox,"{""--ball-speed"": 7, ""--no-plot"": null, ""--position-mode"": null, ""--serve-box"": null}",172,True,active,0.122486,1.674824,0.111375,0.0,0.0,1.8,0.99,2.1,25.0,0.122486,1.564,0.96,
exp13_arch,ballspeed7__noplot__positionmode__servebox,"{""--ball-speed"": 7, ""--no-plot"": null, ""--position-mode"": null, ""--serve-box"": null}",159,False,miss,0.476958,1.67534,0.16433,0.0,0.0,1.73,1.0,1.8,0.0,0.476958,0.0,1.96,
exp13_arch,ballspeed7__noplot__positionmode__servebox,"{""--ball-speed"": 7, ""--no-plot"": null, ""--position-mode"": null, ""--serve-box"": null}",174,False,miss,0.507303,1.550456,0.120528,0.0,0.0,1.8,0.99,2.4,0.0,0.507303,0.0,0.98,
exp13_arch,ballspeed7__noplot__positionmode__servebox,"{""--ball-speed"": 7, ""--no-plot"": null, ""--position-mode"": null, ""--serve-box"": null}",175,True,active,0.151309,1.334384,0.145115,0.0,0.0,1.72,1.0,1.8,10.0,0.151309,1.32,0.91,
exp13_arch,ballspeed7__noplot__positionmode__servebox,"{""--ball-speed"": 7, ""--no-plot"": null, ""--position-mode"": null, ""--serve-box"": null}",169,False,miss,0.426817,1.494935,0.158524,0.0,0.0,1.56,0.99,1.7,0.0,0.426817,0.0,1.45,
exp13_arch,ballspeed7__noplot__positionmode__servebox,"{""--ball-speed"": 7, ""--no-plot"": null, ""--position-mode"": null, ""--serve-box"": null}",176,True,active,0.129018,1.606059,0.129018,0.0,0.0,1.53,1.0,2.4,40.0,0.129018,1.252,1.18,
exp13_arch,ballspeed7__noplot__positionmode__servebox,"{""--ball-speed"": 7, ""--no-plot"": null, ""--position-mode"": null, ""--serve-box"": null}",164,False,miss,0.434269,1.337438,0.317219,0.0,0.0,1.8,0.95,1.3,0.0,0.434269,0.0,1.92,
exp13_arch,ballspeed7__noplot__positionmode__servebox,"{""--ball-speed"": 7, ""--no-plot"": null, ""--position-mode"": null, ""--serve-box"": null}",165,True,active,0.110125,1.546219,0.110125,0.0,0.0,1.77,1.0,2.6,35.0,0.110125,1.774,1.86,
exp13_arch,ballspeed7__noplot__positionmode__servebox,"{""--ball-speed"": 7, ""--no-plot"": null, ""--position-mode"": null, ""--serve-box"": null}",166,False,miss,0.647491,1.592775,0.513767,0.0,0.0,1.8,1.0,1.4,0.0,0.647491,0.0,1.91,
exp13_arch,ballspeed7__noplot__positionmode__servebox,"{""--ball-speed"": 7, ""--no-plot"": null, ""--position-mode"": null, ""--serve-box"": null}",173,False,miss,0.522912,1.565049,0.124115,0.0,0.0,1.8,1.0,2.4,0.0,0.522912,0.0,1.63,
exp13_arch,ballspeed7__noplot__positionmode__servebox,"{""--ball-speed"": 7, ""--no-plot"": null, ""--position-mode"": null, ""--serve-box"": null}",179,False,miss,0.51741,1.612086,0.141098,0.0,0.0,1.79,1.0,2.6,0.0,0.51741,0.0,1.01,
exp13_arch,ballspeed7__noplot__positionmode__servebox,"{""--ball-speed"": 7, ""--no-plot"": null, ""--position-mode"": null, ""--serve-box"": null}",182,False,miss,0.381999,1.586387,0.192792,0.0,0.0,1.8,1.0,1.6,0.0,0.381999,0.0,0.9,
exp13_arch,ballspeed7__noplot__positionmode__servebox,"{""--ball-speed"": 7, ""--no-plot"": null, ""--position-mode"": null, ""--serve-box"": null}",180,True,active,0.054502,1.543897,0.054502,0.0,0.0,1.81,1.0,1.9,25.0,0.054502,1.739,1.01,
exp13_arch,ballspeed7__noplot__positionmode__servebox,"{""--ball-speed"": 7, ""--no-plot"": null, ""--position-mode"": null, ""--serve-box"": null}",181,False,miss,0.591654,1.628605,0.155223,0.0,0.0,1.79,1.0,2.5,0.0,0.591654,0.0,1.03,
exp13_arch,ballspeed7__noplot__positionmode__servebox,"{""--ball-speed"": 7, ""--no-plot"": null, ""--position-mode"": null, ""--serve-box"": null}",183,False,miss,0.208778,1.18339,0.190553,0.0,0.0,2.0,0.99,1.9,0.0,0.208778,0.0,1.06,
exp13_arch,ballspeed7__noplot__positionmode__servebox,"{""--ball-speed"": 7, ""--no-plot"": null, ""--position-mode"": null, ""--serve-box"": null}",178,False,miss,0.504372,1.364787,0.339612,0.0,0.0,1.82,0.74,1.5,0.0,0.504372,0.0,1.46,
exp13_arch,ballspeed7__noplot__positionmode__servebox,"{""--ball-speed"": 7, ""--no-plot"": null, ""--position-mode"": null, ""--serve-box"": null}",177,True,active,0.111505,1.545207,0.099156,0.0,0.0,1.77,1.0,2.2,40.0,0.111505,1.496,1.75,
exp13_arch,ballspeed7__noplot__positionmode__servebox,"{""--ball-speed"": 7, ""--no-plot"": null, ""--position-mode"": null, ""--serve-box"": null}",184,False,miss,0.582073,1.628071,0.181987,0.0,0.0,1.8,1.0,2.4,0.0,0.582073,0.0,1.01,
exp13_arch,ballspeed7__noplot__positionmode__servebox,"{""--ball-speed"": 7, ""--no-plot"": null, ""--position-mode"": null, ""--serve-box"": null}",186,False,miss,0.606072,1.522197,0.32756,0.0,0.0,1.8,1.0,1.6,0.0,0.606072,0.0,1.12,
exp13_arch,ballspeed7__noplot__positionmode__servebox,"{""--ball-speed"": 7, ""--no-plot"": null, ""--position-mode"": null, ""--serve-box"": null}",189,False,miss,0.487181,1.574819,0.226434,0.0,0.0,1.88,1.0,1.5,0.0,0.487181,0.0,0.98,
exp13_arch,ballspeed7__noplot__positionmode__servebox,"{""--ball-speed"": 7, ""--no-plot"": null, ""--position-mode"": null, ""--serve-box"": null}",192,True,active,0.150334,1.558645,0.14589,0.0,0.0,1.8,1.0,2.5,40.0,0.150334,1.434,0.84,
exp13_arch,ballspeed7__noplot__positionmode__servebox,"{""--ball-speed"": 7, ""--no-plot"": null, ""--position-mode"": null, ""--serve-box"": null}",190,False,miss,0.608503,1.582727,0.348015,0.0,0.0,1.8,0.99,1.6,0.0,0.608503,0.0,1.03,
exp13_arch,ballspeed7__noplot__positionmode__servebox,"{""--ball-speed"": 7, ""--no-plot"": null, ""--position-mode"": null, ""--serve-box"": null}",191,False,miss,0.548756,1.437056,0.342261,0.0,0.0,1.9,0.99,1.8,0.0,0.548756,0.0,0.97,
exp13_arch,ballspeed7__noplot__positionmode__servebox,"{""--ball-speed"": 7, ""--no-plot"": null, ""--position-mode"": null, ""--serve-box"": null}",185,True,active,0.125655,1.510463,0.11911,0.0,0.0,1.52,1.0,2.0,40.0,0.125655,1.049,1.6,
exp13_arch,ballspeed7__noplot__positionmode__servebox,"{""--ball-speed"": 7, ""--no-plot"": null, ""--position-mode"": null, ""--serve-box"": null}",197,False,miss,0.513683,1.60039,0.160969,0.0,0.0,1.8,1.0,2.4,0.0,0.513683,0.0,0.8,
exp13_arch,ballspeed7__noplot__positionmode__servebox,"{""--ball-speed"": 7, ""--no-plot"": null, ""--position-mode"": null, ""--serve-box"": null}",196,False,miss,0.426617,1.472551,0.240413,0.0,0.0,1.78,1.0,2.0,0.0,0.426617,0.0,0.94,
exp13_arch,ballspeed7__noplot__positionmode__servebox,"{""--ball-speed"": 7, ""--no-plot"": null, ""--position-mode"": null, ""--serve-box"": null}",188,False,miss,0.529319,1.617476,0.229005,0.0,0.0,1.84,1.0,1.5,0.0,0.529319,0.0,1.39,
exp13_arch,ballspeed7__noplot__positionmode__servebox,"{""--ball-speed"": 7, ""--no-plot"": null, ""--position-mode"": null, ""--serve-box"": null}",187,False,miss,0.286518,1.362973,0.212044,0.0,0.0,1.8,1.0,1.3,0.0,0.286518,0.0,1.6,
exp13_arch,ballspeed7__noplot__positionmode__servebox,"{""--ball-speed"": 7, ""--no-plot"": null, ""--position-mode"": null, ""--serve-box"": null}",199,False,miss,0.528394,1.429684,0.364125,0.0,0.0,1.8,1.0,1.5,0.0,0.528394,0.0,0.82,
exp13_arch,ballspeed7__noplot__positionmode__servebox,"{""--ball-speed"": 7, ""--no-plot"": null, ""--position-mode"": null, ""--serve-box"": null}",195,True,active,0.126297,1.649066,0.113903,35.0,85.0,1.8,1.0,2.1,25.0,0.126297,1.556,1.07,
exp13_arch,ballspeed7__noplot__positionmode__servebox,"{""--ball-speed"": 7, ""--no-plot"": null, ""--position-mode"": null, ""--serve-box"": null}",198,False,miss,0.434037,1.592391,0.214054,0.0,0.0,1.8,1.0,1.6,0.0,0.434037,0.0,0.88,
exp13_arch,ballspeed7__noplot__positionmode__servebox,"{""--ball-speed"": 7, ""--no-plot"": null, ""--position-mode"": null, ""--serve-box"": null}",194,False,miss,0.523084,1.567328,0.247282,0.0,0.0,1.79,1.0,1.6,0.0,0.523084,0.0,1.23,
exp13_arch,ballspeed7__noplot__positionmode__servebox,"{""--ball-speed"": 7, ""--no-plot"": null, ""--position-mode"": null, ""--serve-box"": null}",193,True,active,0.069953,1.59822,0.069953,0.0,0.0,1.63,0.99,2.1,20.0,0.069953,1.597,1.36,
