file,tier,seed,hit_step,max_tcp_all,max_tcp_out_window,max_tcp_in_window
full_seed001,full,1,225,0.9895968372910499,0.9772015252829155,0.9895968372910499
full_seed002,full,2,-1,0.9897672204317377,nan,nan
full_seed003,full,3,225,0.993715104295311,0.9871868998700307,0.9929565494975717
full_seed004,full,4,-1,0.9933962619652774,nan,nan
full_seed005,full,5,-1,0.9856187654433259,nan,nan
full_seed006,full,6,226,0.9973688865130624,0.9973688865130624,0.977797074825922
full_seed007,full,7,221,0.9852757479761989,0.9771862549276358,0.9852757479761989
full_seed008,full,8,223,0.9921317459564732,0.9921317459564732,0.9777863295201314
full_seed009,full,9,227,0.9924080531647776,0.9924080531647776,0.9644012632939212
full_seed010,full,10,221,0.9756620293709914,0.9592837672524613,0.9756620293709914
full_seed011,full,11,-1,0.9954460711044839,nan,nan
full_seed012,full,12,222,0.9864981156517088,0.9781716123588672,0.9864981156517088
full_seed013,full,13,-1,0.9866814876714156,nan,nan
full_seed014,full,14,-1,0.995104885672475,nan,nan
full_seed015,full,15,224,0.992605565372949,0.992605565372949,0.977922373029163
full_seed016,full,16,232,0.9917687231932251,0.9917687231932251,0.9783876870884534
full_seed017,full,17,-1,0.9948361547380756,nan,nan
full_seed018,full,18,225,0.9946446482417496,0.9946446482417496,0.9809518670999098
full_seed019,full,19,221,0.9918705397965004,0.9918705397965004,0.9804875322528545
full_seed022,full,22,243,0.9796258984313593,0.9419807560944571,0.9796258984313593
full_seed023,full,23,227,0.9888929115840942,0.9888929115840942,0.9817585302251248
full_seed024,full,24,222,0.9915444458034766,0.9909939216681911,0.9915444458034766
full_seed025,full,25,-1,0.9891140608567028,nan,nan
full_seed026,full,26,224,0.9873713476852102,0.9736716926576323,0.9873713476852102
full_seed028,full,28,-1,0.9963959024189657,nan,nan
full_seed029,full,29,-1,0.19440947006602557,nan,nan
full_seed030,full,30,-1,0.9881208664090286,nan,nan
full_seed031,full,31,-1,0.39259359940418576,nan,nan
full_seed032,full,32,225,0.9960136394716879,0.9907068150405066,0.9960136394716879
full_seed033,full,33,-1,0.2952484679264629,nan,nan
full_seed034,full,34,-1,0.9799978681979297,nan,nan
full_seed035,full,35,-1,0.978169590208495,nan,nan
full_seed036,full,36,222,0.9880972693565023,0.9880972693565023,0.9822312995032196
full_seed037,full,37,223,0.9994959227156581,0.9456352604422419,0.9994959227156581
full_seed038,full,38,222,0.9942461476014627,0.9942461476014627,0.9801833578811007
full_seed039,full,39,-1,0.9918211853463541,nan,nan
full_seed040,full,40,225,0.9916487896810452,0.9916487896810452,0.989256246480559
full_seed041,full,41,-1,0.2803397835035341,nan,nan
full_seed042,full,42,-1,0.9808951867305331,nan,nan
full_seed043,full,43,-1,0.993616909121224,nan,nan
full_seed044,full,44,-1,0.9888267813802195,nan,nan
full_seed045,full,45,-1,0.9892048239360174,nan,nan
full_seed046,full,46,219,0.9943406692623786,0.9943406692623786,0.9922193276710173
full_seed047,full,47,223,0.9930496602176925,0.9564972019464882,0.9930496602176925
full_seed048,full,48,-1,0.991497933357518,nan,nan
full_seed049,full,49,-1,0.9992685200907823,nan,nan
full_seed050,full,50,-1,0.9771718905578434,nan,nan
none_seed001,none,1,224,0.9798972938884389,0.975703783716089,0.9798972938884389
none_seed002,none,2,220,0.9897672204317377,0.9897672204317377,0.9527976614884347
none_seed003,none,3,227,0.9881728623713766,0.9553283540446098,0.9881728623713766
none_seed004,none,4,-1,0.9933962619652774,nan,nan
none_seed005,none,5,-1,0.9827052854090527,nan,nan
none_seed006,none,6,-1,0.9973688865130624,nan,nan
none_seed007,none,7,222,0.9891712079146735,0.864696984303226,0.9891712079146735
none_seed008,none,8,223,0.9921317459564732,0.9921317459564732,0.9861993801413723
none_seed009,none,9,227,0.9935839700747617,0.9935839700747617,0.950100383252297
none_seed010,none,10,221,0.9678549402698655,0.9510655546001656,0.9678549402698655
none_seed011,none,11,-1,0.9793186162667519,nan,nan
none_seed012,none,12,225,0.9800893091608116,0.9177811012423552,0.9800893091608116
none_seed013,none,13,-1,0.9372270023257795,nan,nan
none_seed014,none,14,-1,0.9914649481663611,nan,nan
none_seed015,none,15,224,0.9908727379596702,0.9908727379596702,0.9748596755969033
none_seed016,none,16,-1,0.9868132119420135,nan,nan
none_seed017,none,17,-1,0.9923061365806047,nan,nan
none_seed018,none,18,225,0.989623948253942,0.989623948253942,0.7996772470407338
none_seed019,none,19,223,0.9918705397965004,0.9918705397965004,0.9482311814963579
none_seed022,none,22,242,0.9699073067044858,0.9699073067044858,0.9649618941192133
none_seed023,none,23,228,0.9787735412924942,0.9787735412924942,0.7606099343547399
none_seed024,none,24,222,0.9909939216681911,0.9909939216681911,0.9760575126194977
none_seed025,none,25,-1,0.9891140608567028,nan,nan
none_seed026,none,26,227,0.9628694169795854,0.9628694169795854,0.9628694169795854
none_seed028,none,28,-1,0.9839909171626179,nan,nan
none_seed029,none,29,-1,0.19440947006602557,nan,nan
none_seed030,none,30,-1,0.9881208664090286,nan,nan
none_seed031,none,31,-1,0.39259359940418576,nan,nan
none_seed032,none,32,224,0.9907068150405066,0.9907068150405066,0.8588793919214126
none_seed033,none,33,-1,0.2952484679264629,nan,nan
none_seed034,none,34,220,0.9492906323450025,0.8910599329377011,0.9492906323450025
none_seed035,none,35,241,0.9909508353259162,0.9331955206209436,0.9909508353259162
none_seed036,none,36,223,0.9880972693565023,0.9880972693565023,0.9408928779965339
none_seed037,none,37,225,0.9417632972192185,0.9417632972192185,0.935558292081342
none_seed038,none,38,225,0.9942461476014627,0.9942461476014627,0.9466511434567038
none_seed039,none,39,238,0.9957023975924989,0.9308943471167727,0.9957023975924989
none_seed040,none,40,226,0.9839164097972044,0.9839164097972044,0.9716712941396521
none_seed041,none,41,-1,0.2803397835035341,nan,nan
none_seed042,none,42,-1,0.9940582992452701,nan,nan
none_seed043,none,43,-1,0.9564081828007893,nan,nan
none_seed044,none,44,-1,0.9602194002808321,nan,nan
none_seed045,none,45,-1,0.9892048239360174,nan,nan
none_seed046,none,46,219,0.9898327137971965,0.9886303732569515,0.9898327137971965
none_seed047,none,47,225,0.9905972439544608,0.9905972439544608,0.8271086171226906
none_seed048,none,48,224,0.991497933357518,0.991497933357518,0.9792182540735529
none_seed049,none,49,-1,0.9992685200907823,nan,nan
none_seed050,none,50,-1,0.9767603162436639,nan,nan
softmin_only_seed001,softmin_only,1,225,0.9895994737672412,0.9772267804903565,0.9895994737672412
softmin_only_seed002,softmin_only,2,-1,0.9897672204317377,nan,nan
softmin_only_seed003,softmin_only,3,225,0.9937551410475263,0.9871502900572003,0.9929947317836828
softmin_only_seed004,softmin_only,4,-1,0.9933962619652774,nan,nan
softmin_only_seed005,softmin_only,5,-1,0.9856781081851957,nan,nan
softmin_only_seed006,softmin_only,6,226,0.9973688865130624,0.9973688865130624,0.9777544249058647
softmin_only_seed007,softmin_only,7,221,0.985174627076513,0.977333435116334,0.985174627076513
softmin_only_seed008,softmin_only,8,223,0.9921317459564732,0.9921317459564732,0.9777863295201314
softmin_only_seed009,softmin_only,9,227,0.9924080531647776,0.9924080531647776,0.9644054229794999
softmin_only_seed010,softmin_only,10,221,0.9756620293709914,0.9592837672524613,0.9756620293709914
softmin_only_seed011,softmin_only,11,-1,0.9954475228756754,nan,nan
softmin_only_seed012,softmin_only,12,222,0.9755303016755285,0.9722848848029257,0.9755303016755285
softmin_only_seed013,softmin_only,13,-1,0.9866627577818399,nan,nan
softmin_only_seed014,softmin_only,14,-1,0.9951624874172748,nan,nan
softmin_only_seed015,softmin_only,15,224,0.9925881796418484,0.9925881796418484,0.9617410042390409
softmin_only_seed016,softmin_only,16,232,0.9918277709239648,0.9918277709239648,0.9783187050472566
softmin_only_seed017,softmin_only,17,-1,0.9948582289285182,nan,nan
softmin_only_seed018,softmin_only,18,225,0.9948726621496136,0.9948726621496136,0.9809659550577348
softmin_only_seed019,softmin_only,19,221,0.9941140809432453,0.9918705397965004,0.9941140809432453
softmin_only_seed022,softmin_only,22,243,0.9795103655104394,0.9421912942606201,0.9795103655104394
softmin_only_seed023,softmin_only,23,227,0.9895060695095597,0.9889721586596845,0.9895060695095597
softmin_only_seed024,softmin_only,24,222,0.9915497233854543,0.9909939216681911,0.9915497233854543
softmin_only_seed025,softmin_only,25,-1,0.9891140608567028,nan,nan
softmin_only_seed026,softmin_only,26,224,0.9873525733655479,0.973769835122688,0.9873525733655479
softmin_only_seed028,softmin_only,28,-1,0.9964162527325092,nan,nan
softmin_only_seed029,softmin_only,29,-1,0.19440947006602557,nan,nan
softmin_only_seed030,softmin_only,30,-1,0.9881208664090286,nan,nan
softmin_only_seed031,softmin_only,31,-1,0.39259359940418576,nan,nan
softmin_only_seed032,softmin_only,32,225,0.9960103796882037,0.9907068150405066,0.9960103796882037
softmin_only_seed033,softmin_only,33,-1,0.2952484679264629,nan,nan
softmin_only_seed034,softmin_only,34,-1,0.9800247395741635,nan,nan
softmin_only_seed035,softmin_only,35,-1,0.9783307744501627,nan,nan
softmin_only_seed036,softmin_only,36,222,0.9880972693565023,0.9880972693565023,0.9822233692168365
softmin_only_seed037,softmin_only,37,223,0.9995024584485412,0.9457289702128033,0.9995024584485412
softmin_only_seed038,softmin_only,38,222,0.9942461476014627,0.9942461476014627,0.9801891215343174
softmin_only_seed039,softmin_only,39,-1,0.9918636952492519,nan,nan
softmin_only_seed040,softmin_only,40,225,0.99170321088671,0.99170321088671,0.9894558958559818
softmin_only_seed041,softmin_only,41,-1,0.2803397835035341,nan,nan
softmin_only_seed042,softmin_only,42,-1,0.9809965812077652,nan,nan
softmin_only_seed043,softmin_only,43,-1,0.9936280396669595,nan,nan
softmin_only_seed044,softmin_only,44,-1,0.9888285648734175,nan,nan
softmin_only_seed045,softmin_only,45,-1,0.9892048239360174,nan,nan
softmin_only_seed046,softmin_only,46,219,0.994428926696069,0.994428926696069,0.9923038021983693
softmin_only_seed047,softmin_only,47,223,0.9930673306258745,0.9565430899941814,0.9930673306258745
softmin_only_seed048,softmin_only,48,-1,0.991497933357518,nan,nan
softmin_only_seed049,softmin_only,49,-1,0.9992685200907823,nan,nan
softmin_only_seed050,softmin_only,50,-1,0.9771641194137419,nan,nan
tube_only_seed001,tube_only,1,-1,0.9881892629302462,nan,nan
tube_only_seed002,tube_only,2,221,0.9897672204317377,0.9897672204317377,0.9863379651259966
tube_only_seed003,tube_only,3,226,0.953077653516145,0.9094305333451496,0.8975771493215007
tube_only_seed004,tube_only,4,221,0.9933962619652774,0.9933962619652774,0.9891609737564404
tube_only_seed005,tube_only,5,-1,0.9759940968160324,nan,nan
tube_only_seed006,tube_only,6,-1,0.9973688865130624,nan,nan
tube_only_seed007,tube_only,7,223,0.9751014976388196,0.7633960121349207,0.9751014976388196
tube_only_seed008,tube_only,8,223,0.9921317459564732,0.9921317459564732,0.9786457562959379
tube_only_seed009,tube_only,9,-1,0.9924080531647776,nan,nan
tube_only_seed010,tube_only,10,222,0.9995591707412355,0.9739195583844757,0.7640537146129281
tube_only_seed011,tube_only,11,-1,0.9903658611267288,nan,nan
tube_only_seed012,tube_only,12,224,0.9872384983694773,0.966379658331706,0.9872384983694773
tube_only_seed013,tube_only,13,-1,0.9429000939151777,nan,nan
tube_only_seed014,tube_only,14,-1,0.9882067462701,nan,nan
tube_only_seed015,tube_only,15,225,0.9908727379596702,0.9908727379596702,0.9794949642926365
tube_only_seed016,tube_only,16,-1,0.9752797170395655,nan,nan
tube_only_seed017,tube_only,17,-1,0.99351944897626,nan,nan
tube_only_seed018,tube_only,18,225,0.99052843189365,0.989623948253942,0.99052843189365
tube_only_seed019,tube_only,19,223,0.9918705397965004,0.9918705397965004,0.9125119520685908
tube_only_seed022,tube_only,22,241,0.9759094141606156,0.8542948988765358,0.9668902591150411
tube_only_seed023,tube_only,23,-1,0.9787735412924942,nan,nan
tube_only_seed024,tube_only,24,222,0.9909939216681911,0.9909939216681911,0.9888334154358165
tube_only_seed025,tube_only,25,-1,0.9891140608567028,nan,nan
tube_only_seed026,tube_only,26,225,0.9689268466668594,0.9444851500098905,0.9689268466668594
tube_only_seed028,tube_only,28,220,0.9839909171626179,0.9839909171626179,0.9762774018965586
tube_only_seed029,tube_only,29,-1,0.19440947006602557,nan,nan
tube_only_seed030,tube_only,30,-1,0.9881208664090286,nan,nan
tube_only_seed031,tube_only,31,-1,0.39259359940418576,nan,nan
tube_only_seed032,tube_only,32,226,0.9907068150405066,0.9907068150405066,0.9742855656921394
tube_only_seed033,tube_only,33,-1,0.2952484679264629,nan,nan
tube_only_seed034,tube_only,34,220,0.9456818632225422,0.8726531448968332,0.9270116692767284
tube_only_seed035,tube_only,35,-1,0.9800849979911344,nan,nan
tube_only_seed036,tube_only,36,223,0.9880972693565023,0.9880972693565023,0.9792802325759953
tube_only_seed037,tube_only,37,225,0.9322717075014685,0.8164472090168039,0.8153689820113715
tube_only_seed038,tube_only,38,224,0.9942461476014627,0.9942461476014627,0.9858645151680073
tube_only_seed039,tube_only,39,237,0.9942514466491844,0.8467950348952927,0.9942514466491844
tube_only_seed040,tube_only,40,225,0.9897597557039811,0.9897597557039811,0.9756861856051775
tube_only_seed041,tube_only,41,-1,0.2803397835035341,nan,nan
tube_only_seed042,tube_only,42,-1,0.984746205456053,nan,nan
tube_only_seed043,tube_only,43,-1,0.9825591147973533,nan,nan
tube_only_seed044,tube_only,44,-1,0.9857224717027152,nan,nan
tube_only_seed045,tube_only,45,-1,0.9892048239360174,nan,nan
tube_only_seed046,tube_only,46,-1,0.9886303732569515,nan,nan
tube_only_seed047,tube_only,47,224,0.982583186320603,0.9210239407528664,0.982583186320603
tube_only_seed048,tube_only,48,224,0.9946059395877921,0.991497933357518,0.9946059395877921
tube_only_seed049,tube_only,49,229,0.9992685200907823,0.9992685200907823,0.9593879745407273
tube_only_seed050,tube_only,50,-1,0.9919561856832277,nan,nan
